rows,cols,noise,error,expected mag
7,3,0,0,903.865
7,3,0.00166667,5.71012e-06,981.062
7,3,0.00333333,7.86016e-06,1089.56
7,3,0.005,7.6057e-06,530.375
7,3,0.00666667,1.7086e-05,721.96
7,3,0.00833333,1.14522e-05,909.304
7,3,0.01,1.17892e-05,634.393
7,3,0.0116667,2.52678e-05,606.367
7,3,0.0133333,2.00005e-05,1038.39
7,3,0.015,2.93369e-05,1102.96
7,3,0.0166667,3.22076e-05,473.171
7,3,0.0183333,2.35449e-05,148.818
7,3,0.02,2.77829e-05,776.234
7,3,0.0216667,5.5221e-05,158.773
7,3,0.0233333,3.92058e-05,329.207
7,3,0.025,3.79712e-05,839.861
7,3,0.0266667,9.05504e-05,685.559
7,3,0.0283333,5.14867e-05,935.388
7,3,0.03,3.99426e-05,578.726
7,3,0.0316667,4.10098e-05,246.642
7,3,0.0333333,6.49246e-05,635.453
7,3,0.035,5.89167e-05,339.165
7,3,0.0366667,5.36857e-05,222.893
7,3,0.0383333,7.48054e-05,680.89
7,3,0.04,6.28406e-05,171.681
7,3,0.0416667,7.9563e-05,415.876
7,3,0.0433333,5.95628e-05,683.472
7,3,0.045,8.47857e-05,1070.92
7,3,0.0466667,6.40436e-05,721.112
7,3,0.0483333,6.9422e-05,971.842
7,3,0.05,7.93422e-05,470.327
7,3,0,0,877.458
7,3,0.00166667,2.67345e-06,884.275
7,3,0.00333333,5.6032e-06,941.544
7,3,0.005,9.44286e-06,864.204
7,3,0.00666667,1.00352e-05,621.509
7,3,0.00833333,1.38712e-05,777.776
7,3,0.01,1.70291e-05,1193.17
7,3,0.0116667,1.61553e-05,191.925
7,3,0.0133333,3.70766e-05,1088.31
7,3,0.015,1.98581e-05,980.317
7,3,0.0166667,2.44936e-05,697.586
7,3,0.0183333,3.11487e-05,899.363
7,3,0.02,2.36363e-05,837.181
7,3,0.0216667,3.76618e-05,734.503
7,3,0.0233333,4.10294e-05,1018.07
7,3,0.025,0.000106214,255.63
7,3,0.0266667,5.05131e-05,341.752
7,3,0.0283333,5.06142e-05,960.491
7,3,0.03,4.91728e-05,902.906
7,3,0.0316667,5.56259e-05,800.659
7,3,0.0333333,5.27682e-05,152.797
7,3,0.035,6.26476e-05,1281.18
7,3,0.0366667,7.43381e-05,717.648
7,3,0.0383333,5.63963e-05,1035.02
7,3,0.04,6.01979e-05,549.997
7,3,0.0416667,5.57137e-05,966.768
7,3,0.0433333,8.23903e-05,403.926
7,3,0.045,8.04811e-05,707.358
7,3,0.0466667,7.92893e-05,1321.43
7,3,0.0483333,9.81232e-05,975.095
7,3,0.05,9.21331e-05,172.622
7,3,0,0,838.953
7,3,0.00166667,0,338.965
7,3,0.00333333,6.62116e-06,812.455
7,3,0.005,9.19315e-06,1208.84
7,3,0.00666667,8.88124e-06,637.33
7,3,0.00833333,1.4962e-05,1076.57
7,3,0.01,2.60419e-05,495.074
7,3,0.0116667,1.65066e-05,621.319
7,3,0.0133333,2.59131e-05,409.36
7,3,0.015,1.90763e-05,915.134
7,3,0.0166667,3.10933e-05,864.04
7,3,0.0183333,5.13545e-05,834.08
7,3,0.02,3.43873e-05,724.152
7,3,0.0216667,4.52517e-05,599.903
7,3,0.0233333,3.41243e-05,784.939
7,3,0.025,5.52469e-05,1143.04
7,3,0.0266667,3.81843e-05,791.418
7,3,0.0283333,5.22292e-05,518.496
7,3,0.03,5.3346e-05,758.765
7,3,0.0316667,4.48649e-05,1212.54
7,3,0.0333333,8.05962e-05,1054.13
7,3,0.035,6.27356e-05,802.61
7,3,0.0366667,5.8355e-05,777.851
7,3,0.0383333,4.59393e-05,545.304
7,3,0.04,7.273e-05,572.369
7,3,0.0416667,7.55958e-05,1134.84
7,3,0.0433333,6.14113e-05,787.069
7,3,0.045,5.82686e-05,979.218
7,3,0.0466667,6.13286e-05,425.813
7,3,0.0483333,9.56624e-05,116.39
7,3,0.05,0.000109386,589.975
7,3,0,0,652.584
7,3,0.00166667,2.32153e-06,761.49
7,3,0.00333333,6.028e-06,887.804
7,3,0.005,8.97681e-06,599.103
7,3,0.00666667,1.25376e-05,512.15
7,3,0.00833333,1.44638e-05,826.1
7,3,0.01,2.21392e-05,854.491
7,3,0.0116667,2.14118e-05,1079.98
7,3,0.0133333,2.03366e-05,1257.68
7,3,0.015,2.32998e-05,750.854
7,3,0.0166667,2.62806e-05,666.279
7,3,0.0183333,2.93411e-05,1251.98
7,3,0.02,3.67995e-05,986.735
7,3,0.0216667,3.5237e-05,898.93
7,3,0.0233333,3.6935e-05,852.398
7,3,0.025,4.72227e-05,602.202
7,3,0.0266667,4.61298e-05,1019.04
7,3,0.0283333,5.88165e-05,1016.01
7,3,0.03,5.70038e-05,856.833
7,3,0.0316667,6.41226e-05,440.708
7,3,0.0333333,6.36721e-05,665.183
7,3,0.035,5.26678e-05,554.138
7,3,0.0366667,6.7981e-05,1216.09
7,3,0.0383333,8.84846e-05,136.02
7,3,0.04,9.68289e-05,1280.99
7,3,0.0416667,5.86675e-05,876.809
7,3,0.0433333,7.90653e-05,894.352
7,3,0.045,8.04694e-05,744.734
7,3,0.0466667,7.53488e-05,239.889
7,3,0.0483333,8.59733e-05,566.506
7,3,0.05,0.000112713,723.279
7,3,0,0,913.468
7,3,0.00166667,0,217.11
7,3,0.00333333,5.58648e-06,1243.8
7,3,0.005,8.83626e-06,409.954
7,3,0.00666667,9.98789e-06,977.217
7,3,0.00833333,1.89002e-05,1241.29
7,3,0.01,1.68593e-05,327.399
7,3,0.0116667,2.31802e-05,1160.01
7,3,0.0133333,2.53528e-05,745.577
7,3,0.015,3.53714e-05,666.854
7,3,0.0166667,2.81432e-05,810.019
7,3,0.0183333,2.11938e-05,658.172
7,3,0.02,4.27019e-05,555.711
7,3,0.0216667,4.39322e-05,950.225
7,3,0.0233333,3.43688e-05,488.613
7,3,0.025,3.08447e-05,788.493
7,3,0.0266667,4.20412e-05,1071.44
7,3,0.0283333,4.99518e-05,703.032
7,3,0.03,6.22565e-05,309.04
7,3,0.0316667,5.45915e-05,444.121
7,3,0.0333333,5.99925e-05,958.855
7,3,0.035,4.86924e-05,470.549
7,3,0.0366667,5.7581e-05,1205.66
7,3,0.0383333,7.42466e-05,313.798
7,3,0.04,9.78959e-05,896.306
7,3,0.0416667,7.98827e-05,780.951
7,3,0.0433333,7.79156e-05,514.458
7,3,0.045,7.97204e-05,1250.52
7,3,0.0466667,8.6002e-05,1392.69
7,3,0.0483333,7.76585e-05,1286.06
7,3,0.05,8.77361e-05,892.351
7,3,0,0,439.508
7,3,0.00166667,3.20135e-06,642.988
7,3,0.00333333,4.21358e-06,307.021
7,3,0.005,9.98471e-06,682.524
7,3,0.00666667,1.34809e-05,1209.14
7,3,0.00833333,1.22346e-05,1017.36
7,3,0.01,1.19724e-05,944.058
7,3,0.0116667,1.87512e-05,977.707
7,3,0.0133333,1.62035e-05,1036.93
7,3,0.015,3.10341e-05,1282.46
7,3,0.0166667,1.89995e-05,215.075
7,3,0.0183333,2.72715e-05,686.355
7,3,0.02,3.00851e-05,989.425
7,3,0.0216667,3.75186e-05,741.723
7,3,0.0233333,5.74137e-05,564.318
7,3,0.025,2.86813e-05,632.664
7,3,0.0266667,4.87564e-05,618.767
7,3,0.0283333,5.16871e-05,877.901
7,3,0.03,5.8463e-05,970.951
7,3,0.0316667,5.5636e-05,472.441
7,3,0.0333333,7.84852e-05,724.065
7,3,0.035,5.93276e-05,552.874
7,3,0.0366667,5.18321e-05,1289.99
7,3,0.0383333,5.40608e-05,721.51
7,3,0.04,8.18717e-05,954.191
7,3,0.0416667,8.62834e-05,864.999
7,3,0.0433333,7.62619e-05,894.762
7,3,0.045,8.09788e-05,35.7767
7,3,0.0466667,7.28508e-05,1065.3
7,3,0.0483333,8.02244e-05,824.927
7,3,0.05,0.000109985,602.41
7,3,0,0,255.226
7,3,0.00166667,3.09751e-06,868.318
7,3,0.00333333,5.69434e-06,500.639
7,3,0.005,6.39659e-06,365.98
7,3,0.00666667,1.52943e-05,922.303
7,3,0.00833333,1.35718e-05,851.328
7,3,0.01,1.82794e-05,763.489
7,3,0.0116667,1.98333e-05,661.669
7,3,0.0133333,2.80731e-05,1001.96
7,3,0.015,3.2908e-05,1199.65
7,3,0.0166667,3.92372e-05,968.71
7,3,0.0183333,2.97456e-05,1023.26
7,3,0.02,3.22845e-05,319.642
7,3,0.0216667,3.96425e-05,781.711
7,3,0.0233333,4.23959e-05,306.917
7,3,0.025,3.49329e-05,844.016
7,3,0.0266667,2.93594e-05,683.816
7,3,0.0283333,4.35343e-05,723.419
7,3,0.03,6.00408e-05,665.984
7,3,0.0316667,5.0211e-05,666.874
7,3,0.0333333,5.32916e-05,1352.92
7,3,0.035,4.60835e-05,483.721
7,3,0.0366667,4.61766e-05,960.348
7,3,0.0383333,4.94004e-05,673.702
7,3,0.04,7.6001e-05,1088.67
7,3,0.0416667,6.09527e-05,973.104
7,3,0.0433333,8.2722e-05,1079.25
7,3,0.045,8.53828e-05,718.435
7,3,0.0466667,7.81122e-05,824.799
7,3,0.0483333,7.49285e-05,990.825
7,3,0.05,0.000101097,343.904
7,3,0,0,641.452
7,3,0.00166667,4.00425e-06,799.252
7,3,0.00333333,4.25737e-06,982.157
7,3,0.005,9.3038e-06,132.641
7,3,0.00666667,1.15748e-05,1056.3
7,3,0.00833333,1.56561e-05,638.7
7,3,0.01,1.76066e-05,157.277
7,3,0.0116667,1.74129e-05,673.602
7,3,0.0133333,2.27005e-05,746.563
7,3,0.015,2.7396e-05,873.274
7,3,0.0166667,3.01595e-05,1080.23
7,3,0.0183333,2.89656e-05,815.539
7,3,0.02,3.70536e-05,1088.33
7,3,0.0216667,2.73442e-05,1331.97
7,3,0.0233333,4.09632e-05,560.319
7,3,0.025,5.01461e-05,834.557
7,3,0.0266667,3.33544e-05,255.875
7,3,0.0283333,3.70628e-05,577.079
7,3,0.03,5.71464e-05,997.939
7,3,0.0316667,4.69612e-05,958.512
7,3,0.0333333,4.97354e-05,1025.88
7,3,0.035,5.29888e-05,740.312
7,3,0.0366667,6.25607e-05,505.723
7,3,0.0383333,5.14479e-05,377.434
7,3,0.04,6.73628e-05,961.922
7,3,0.0416667,6.12828e-05,605.398
7,3,0.0433333,0.000114472,927.992
7,3,0.045,9.04559e-05,541.612
7,3,0.0466667,9.4929e-05,787.106
7,3,0.0483333,8.23197e-05,500.666
7,3,0.05,0.000102569,1331.22
7,3,0,0,768
7,3,0.00166667,3.36529e-06,1138.81
7,3,0.00333333,5.26059e-06,1038.27
7,3,0.005,8.05596e-06,817.386
7,3,0.00666667,1.2576e-05,1103.86
7,3,0.00833333,0,88.687
7,3,0.01,1.72512e-05,1084.59
7,3,0.0116667,2.19395e-05,1106.6
7,3,0.0133333,1.99233e-05,981.689
7,3,0.015,2.009e-05,1092.58
7,3,0.0166667,2.87579e-05,987.863
7,3,0.0183333,3.18706e-05,749.701
7,3,0.02,3.06286e-05,856.322
7,3,0.0216667,5.71312e-05,933.187
7,3,0.0233333,4.25819e-05,514.379
7,3,0.025,4.1792e-05,713.146
7,3,0.0266667,3.73994e-05,1025.93
7,3,0.0283333,4.83868e-05,1177.96
7,3,0.03,4.58503e-05,840.253
7,3,0.0316667,5.77865e-05,377.375
7,3,0.0333333,6.45583e-05,808.957
7,3,0.035,5.42221e-05,200.089
7,3,0.0366667,6.51529e-05,596.032
7,3,0.0383333,8.23092e-05,1210.75
7,3,0.04,5.63779e-05,139.986
7,3,0.0416667,5.59553e-05,209.286
7,3,0.0433333,5.72919e-05,293.59
7,3,0.045,7.14113e-05,755.436
7,3,0.0466667,8.41254e-05,982.659
7,3,0.0483333,5.88318e-05,477.751
7,3,0.05,7.50718e-05,544.098
7,3,0,0,638.409
7,3,0.00166667,4.05815e-06,906.588
7,3,0.00333333,8.769e-06,659.048
7,3,0.005,9.25436e-06,850.604
7,3,0.00666667,1.84879e-05,1113.67
7,3,0.00833333,1.08198e-05,657.839
7,3,0.01,2.03034e-05,913.3
7,3,0.0116667,1.52524e-05,695.904
7,3,0.0133333,2.57286e-05,1072.52
7,3,0.015,2.43796e-05,772.785
7,3,0.0166667,2.51131e-05,574.396
7,3,0.0183333,2.27641e-05,725.513
7,3,0.02,3.40739e-05,662.344
7,3,0.0216667,2.67461e-05,919.105
7,3,0.0233333,3.87389e-05,951.457
7,3,0.025,3.99212e-05,959.902
7,3,0.0266667,3.20488e-05,217.557
7,3,0.0283333,5.106e-05,514.854
7,3,0.03,5.57474e-05,1167.72
7,3,0.0316667,7.61986e-05,1220.26
7,3,0.0333333,4.70635e-05,568.277
7,3,0.035,6.23316e-05,1305.13
7,3,0.0366667,7.92709e-05,895.792
7,3,0.0383333,4.87911e-05,492.98
7,3,0.04,9.55255e-05,350.008
7,3,0.0416667,6.60148e-05,799.067
7,3,0.0433333,9.31888e-05,418.533
7,3,0.045,8.42868e-05,804.602
7,3,0.0466667,6.83711e-05,190.215
7,3,0.0483333,8.41879e-05,555.652
7,3,0.05,7.83227e-05,335.152
10,4,0,0,670.304
10,4,0.00166667,3.56901e-06,932.986
10,4,0.00333333,5.90726e-06,1302.28
10,4,0.005,1.1509e-05,1179.36
10,4,0.00666667,1.27508e-05,1286.18
10,4,0.00833333,1.78277e-05,628.664
10,4,0.01,1.48151e-05,1157.6
10,4,0.0116667,2.13649e-05,951.648
10,4,0.0133333,3.32263e-05,1342.15
10,4,0.015,2.53998e-05,840.128
10,4,0.0166667,2.9793e-05,558.855
10,4,0.0183333,3.35326e-05,607.536
10,4,0.02,2.92589e-05,1111.81
10,4,0.0216667,4.40654e-05,1419.11
10,4,0.0233333,3.17843e-05,1054.69
10,4,0.025,4.11578e-05,982.785
10,4,0.0266667,8.15612e-05,862.534
10,4,0.0283333,5.70515e-05,681.345
10,4,0.03,5.38872e-05,993.713
10,4,0.0316667,6.72227e-05,746.341
10,4,0.0333333,5.38036e-05,518.513
10,4,0.035,5.87883e-05,1078.89
10,4,0.0366667,8.34649e-05,652.586
10,4,0.0383333,8.00413e-05,855.048
10,4,0.04,8.70786e-05,1327.55
10,4,0.0416667,8.19165e-05,1313.06
10,4,0.0433333,0.000138904,1375.93
10,4,0.045,0.000103268,1310.7
10,4,0.0466667,7.92708e-05,941.559
10,4,0.0483333,8.37036e-05,836.344
10,4,0.05,0.000104955,1257.74
10,4,0,0,650.574
10,4,0.00166667,2.91034e-06,406.59
10,4,0.00333333,6.8855e-06,897.464
10,4,0.005,9.94403e-06,1196.66
10,4,0.00666667,1.14168e-05,1269.15
10,4,0.00833333,1.48974e-05,922.027
10,4,0.01,1.65043e-05,1241.39
10,4,0.0116667,1.62704e-05,590.16
10,4,0.0133333,3.22309e-05,771.341
10,4,0.015,3.03559e-05,812.263
10,4,0.0166667,3.48811e-05,804.93
10,4,0.0183333,3.29778e-05,928.419
10,4,0.02,3.13587e-05,794.633
10,4,0.0216667,3.43781e-05,829.845
10,4,0.0233333,4.86397e-05,1211.07
10,4,0.025,3.64812e-05,976.688
10,4,0.0266667,4.49714e-05,1299.83
10,4,0.0283333,5.67916e-05,1322.04
10,4,0.03,5.65051e-05,986.646
10,4,0.0316667,4.44959e-05,812.489
10,4,0.0333333,5.22738e-05,695.921
10,4,0.035,6.7752e-05,1190.6
10,4,0.0366667,5.70564e-05,539.625
10,4,0.0383333,7.49673e-05,1107.87
10,4,0.04,6.38116e-05,1060.23
10,4,0.0416667,7.31352e-05,1061.78
10,4,0.0433333,7.61876e-05,780.804
10,4,0.045,0.000118606,1368.36
10,4,0.0466667,0.00011021,948.984
10,4,0.0483333,0.000101776,1292.9
10,4,0.05,6.70083e-05,1150.61
10,4,0,0,949.507
10,4,0.00166667,2.89259e-06,1343.18
10,4,0.00333333,4.48034e-06,616.285
10,4,0.005,1.13589e-05,1278.97
10,4,0.00666667,9.34542e-06,894.218
10,4,0.00833333,1.28125e-05,1048
10,4,0.01,2.35749e-05,1242.9
10,4,0.0116667,2.04193e-05,415.582
10,4,0.0133333,2.97649e-05,1431.9
10,4,0.015,3.00827e-05,1092.25
10,4,0.0166667,3.32919e-05,581.22
10,4,0.0183333,3.01692e-05,1278.99
10,4,0.02,4.27995e-05,699.608
10,4,0.0216667,3.99576e-05,547.718
10,4,0.0233333,7.05265e-05,1095.96
10,4,0.025,4.25946e-05,1151.77
10,4,0.0266667,4.52309e-05,826.059
10,4,0.0283333,4.49999e-05,680.234
10,4,0.03,6.95091e-05,1279.52
10,4,0.0316667,4.49095e-05,634.508
10,4,0.0333333,8.27799e-05,1523.01
10,4,0.035,5.9077e-05,1256.28
10,4,0.0366667,3.94661e-05,624.661
10,4,0.0383333,5.99796e-05,710.845
10,4,0.04,6.86942e-05,972.943
10,4,0.0416667,7.55776e-05,1045.47
10,4,0.0433333,8.31777e-05,1134.28
10,4,0.045,7.62214e-05,1102.79
10,4,0.0466667,9.74331e-05,549.837
10,4,0.0483333,9.0981e-05,605.52
10,4,0.05,0.000100888,1148.25
10,4,0,0,768.179
10,4,0.00166667,3.0021e-06,1178.11
10,4,0.00333333,5.38104e-06,1197.76
10,4,0.005,8.21373e-06,928.693
10,4,0.00666667,1.38608e-05,833.879
10,4,0.00833333,1.24039e-05,580.979
10,4,0.01,1.36354e-05,425.939
10,4,0.0116667,1.85987e-05,1070.3
10,4,0.0133333,2.94168e-05,940.375
10,4,0.015,2.92156e-05,772.026
10,4,0.0166667,3.51826e-05,734.965
10,4,0.0183333,2.7031e-05,1377.3
10,4,0.02,4.04586e-05,1326.96
10,4,0.0216667,3.7141e-05,1170.56
10,4,0.0233333,4.08235e-05,737.171
10,4,0.025,4.48547e-05,459.303
10,4,0.0266667,4.30879e-05,505.468
10,4,0.0283333,4.94286e-05,903.582
10,4,0.03,4.63984e-05,550.118
10,4,0.0316667,4.43467e-05,955.517
10,4,0.0333333,4.97229e-05,858.863
10,4,0.035,7.43232e-05,1324.98
10,4,0.0366667,6.968e-05,1242.11
10,4,0.0383333,7.53241e-05,1393.28
10,4,0.04,6.64094e-05,791.509
10,4,0.0416667,7.04113e-05,720.578
10,4,0.0433333,7.79532e-05,950.327
10,4,0.045,6.00039e-05,972.329
10,4,0.0466667,9.04613e-05,860.393
10,4,0.0483333,7.37324e-05,610.673
10,4,0.05,9.48273e-05,1344.53
10,4,0,0,1326.41
10,4,0.00166667,2.8961e-06,1005.29
10,4,0.00333333,6.31145e-06,660.398
10,4,0.005,1.33371e-05,1240.71
10,4,0.00666667,1.24239e-05,1221.38
10,4,0.00833333,1.53095e-05,864
10,4,0.01,2.48713e-05,1220.28
10,4,0.0116667,2.35674e-05,707.301
10,4,0.0133333,2.21854e-05,700.086
10,4,0.015,2.32855e-05,1278.32
10,4,0.0166667,3.03939e-05,1073.36
10,4,0.0183333,3.41493e-05,1279.77
10,4,0.02,3.89563e-05,858.471
10,4,0.0216667,2.81263e-05,838.489
10,4,0.0233333,4.24665e-05,907.074
10,4,0.025,3.97204e-05,978.165
10,4,0.0266667,4.38814e-05,842.068
10,4,0.0283333,5.09175e-05,1160.75
10,4,0.03,6.9194e-05,1276.78
10,4,0.0316667,7.06921e-05,1149.13
10,4,0.0333333,6.23959e-05,1354.17
10,4,0.035,6.89557e-05,659.97
10,4,0.0366667,5.6611e-05,820.805
10,4,0.0383333,7.58837e-05,1159.9
10,4,0.04,6.63361e-05,914.276
10,4,0.0416667,7.89999e-05,1106.87
10,4,0.0433333,8.83837e-05,1277.46
10,4,0.045,8.51743e-05,1214.45
10,4,0.0466667,8.22381e-05,1454.07
10,4,0.0483333,7.41575e-05,1330.66
10,4,0.05,8.1561e-05,993.927
10,4,0,0,1215.83
10,4,0.00166667,2.4601e-06,893.553
10,4,0.00333333,5.19744e-06,1072.7
10,4,0.005,8.39409e-06,1007.01
10,4,0.00666667,1.46172e-05,440.965
10,4,0.00833333,1.24449e-05,1163.09
10,4,0.01,2.22203e-05,1063.06
10,4,0.0116667,2.89109e-05,433.138
10,4,0.0133333,2.50414e-05,1313.16
10,4,0.015,3.66074e-05,1206.24
10,4,0.0166667,2.96656e-05,1273.11
10,4,0.0183333,4.29389e-05,1081.85
10,4,0.02,3.56355e-05,990.941
10,4,0.0216667,3.89287e-05,1118.28
10,4,0.0233333,4.10987e-05,471.267
10,4,0.025,5.41628e-05,939.649
10,4,0.0266667,4.02679e-05,949.842
10,4,0.0283333,4.54938e-05,1044.48
10,4,0.03,7.29588e-05,885.872
10,4,0.0316667,5.30399e-05,1243.27
10,4,0.0333333,4.33782e-05,948.089
10,4,0.035,5.80781e-05,1198.01
10,4,0.0366667,6.1987e-05,993.234
10,4,0.0383333,7.83453e-05,1206.59
10,4,0.04,7.2782e-05,1342.07
10,4,0.0416667,6.10921e-05,975.955
10,4,0.0433333,7.95903e-05,1341.47
10,4,0.045,6.30093e-05,1133.97
10,4,0.0466667,9.49765e-05,1266.55
10,4,0.0483333,8.46544e-05,747.121
10,4,0.05,9.33121e-05,1061.36
10,4,0,0,539.648
10,4,0.00166667,3.59586e-06,870.597
10,4,0.00333333,6.13468e-06,1181.56
10,4,0.005,9.21635e-06,810.62
10,4,0.00666667,9.27691e-06,798.473
10,4,0.00833333,1.34987e-05,844.283
10,4,0.01,1.70606e-05,542.886
10,4,0.0116667,2.56908e-05,637.861
10,4,0.0133333,2.03484e-05,1096.82
10,4,0.015,2.54085e-05,803.71
10,4,0.0166667,2.84372e-05,1182.86
10,4,0.0183333,3.57237e-05,1268.11
10,4,0.02,3.76811e-05,1208.25
10,4,0.0216667,3.30828e-05,880.291
10,4,0.0233333,4.0415e-05,949.048
10,4,0.025,4.93223e-05,456.574
10,4,0.0266667,5.48489e-05,675.912
10,4,0.0283333,4.594e-05,1028.04
10,4,0.03,8.01607e-05,895.223
10,4,0.0316667,5.12639e-05,947.134
10,4,0.0333333,6.97642e-05,1192.43
10,4,0.035,6.35468e-05,1006.36
10,4,0.0366667,6.79597e-05,345.36
10,4,0.0383333,5.86692e-05,636.235
10,4,0.04,8.32037e-05,1098.69
10,4,0.0416667,7.01209e-05,616.784
10,4,0.0433333,0.000100449,865.82
10,4,0.045,9.17609e-05,1275.01
10,4,0.0466667,0.000101397,917.001
10,4,0.0483333,8.05146e-05,1255.71
10,4,0.05,0.000116386,1113.67
10,4,0,0,681.852
10,4,0.00166667,2.37333e-06,727.959
10,4,0.00333333,6.35007e-06,654.938
10,4,0.005,8.90611e-06,1163.83
10,4,0.00666667,1.02492e-05,773.491
10,4,0.00833333,1.44296e-05,666.313
10,4,0.01,1.44437e-05,964.9
10,4,0.0116667,1.91852e-05,615.945
10,4,0.0133333,2.00366e-05,719.056
10,4,0.015,2.79408e-05,1409.92
10,4,0.0166667,3.55766e-05,1113.65
10,4,0.0183333,2.90971e-05,813.609
10,4,0.02,3.71674e-05,1139.31
10,4,0.0216667,3.97583e-05,1220.6
10,4,0.0233333,4.5598e-05,1179.73
10,4,0.025,3.62674e-05,558.705
10,4,0.0266667,4.91007e-05,626.284
10,4,0.0283333,5.64777e-05,976.715
10,4,0.03,4.92078e-05,953.963
10,4,0.0316667,7.45057e-05,268.074
10,4,0.0333333,9.48518e-05,1100.29
10,4,0.035,6.0242e-05,847.807
10,4,0.0366667,7.12237e-05,435.226
10,4,0.0383333,6.27079e-05,806.268
10,4,0.04,6.96117e-05,1240.51
10,4,0.0416667,6.32564e-05,1019.66
10,4,0.0433333,7.7942e-05,551.757
10,4,0.045,8.08641e-05,1136.3
10,4,0.0466667,8.8241e-05,1138.25
10,4,0.0483333,6.06599e-05,612.487
10,4,0.05,8.94623e-05,1323.52
10,4,0,0,1148.22
10,4,0.00166667,4.88896e-06,1093.37
10,4,0.00333333,5.2739e-06,1101.34
10,4,0.005,7.689e-06,1180.77
10,4,0.00666667,1.24988e-05,1196.2
10,4,0.00833333,1.82168e-05,1316.35
10,4,0.01,2.1458e-05,996.896
10,4,0.0116667,1.77211e-05,993.835
10,4,0.0133333,3.06633e-05,1090.89
10,4,0.015,2.39564e-05,1086.73
10,4,0.0166667,2.48025e-05,1070.93
10,4,0.0183333,3.13736e-05,772.635
10,4,0.02,3.82862e-05,746.159
10,4,0.0216667,3.62069e-05,1005.47
10,4,0.0233333,3.87818e-05,1173.75
10,4,0.025,3.90367e-05,813.699
10,4,0.0266667,4.2423e-05,608.294
10,4,0.0283333,7.73641e-05,1240.06
10,4,0.03,5.01361e-05,949.687
10,4,0.0316667,5.18258e-05,668.756
10,4,0.0333333,5.55088e-05,1521.56
10,4,0.035,7.40088e-05,1379
10,4,0.0366667,6.34657e-05,1293.08
10,4,0.0383333,6.15299e-05,1597.6
10,4,0.04,7.34366e-05,1161.84
10,4,0.0416667,7.62238e-05,867.512
10,4,0.0433333,7.36511e-05,1396.59
10,4,0.045,8.42573e-05,1149.44
10,4,0.0466667,6.5245e-05,856.642
10,4,0.0483333,8.41231e-05,1341.05
10,4,0.05,9.67845e-05,1256.94
10,4,0,0,994.419
10,4,0.00166667,2.6164e-06,1087.77
10,4,0.00333333,6.36834e-06,1145.49
10,4,0.005,7.66728e-06,1149.07
10,4,0.00666667,1.05594e-05,1143.2
10,4,0.00833333,1.23149e-05,611.745
10,4,0.01,1.66444e-05,899.77
10,4,0.0116667,1.99099e-05,693.121
10,4,0.0133333,2.026e-05,1019.21
10,4,0.015,2.91018e-05,1407.7
10,4,0.0166667,2.38863e-05,641.271
10,4,0.0183333,3.42919e-05,946.717
10,4,0.02,3.61709e-05,1298.43
10,4,0.0216667,3.84078e-05,455.233
10,4,0.0233333,4.91859e-05,1006.89
10,4,0.025,4.17729e-05,699.985
10,4,0.0266667,5.12231e-05,582.037
10,4,0.0283333,4.6631e-05,872.267
10,4,0.03,6.25394e-05,1040.75
10,4,0.0316667,6.41636e-05,1343.74
10,4,0.0333333,4.88583e-05,1131.7
10,4,0.035,5.39965e-05,923.871
10,4,0.0366667,5.53039e-05,583.122
10,4,0.0383333,7.54171e-05,1091.56
10,4,0.04,0.000100563,757.448
10,4,0.0416667,8.37994e-05,1172.24
10,4,0.0433333,7.63053e-05,1254.19
10,4,0.045,7.30874e-05,1156.56
10,4,0.0466667,7.88173e-05,329.268
10,4,0.0483333,7.12913e-05,981.764
10,4,0.05,7.61855e-05,671.229
10,5,0,0,535.863
10,5,0.00166667,3.36286e-06,1019.09
10,5,0.00333333,5.83297e-06,1086.31
10,5,0.005,1.16588e-05,1007.44
10,5,0.00666667,1.36621e-05,1302.92
10,5,0.00833333,1.47638e-05,1430.55
10,5,0.01,2.147e-05,1169.41
10,5,0.0116667,2.79702e-05,1243.62
10,5,0.0133333,2.0869e-05,906.599
10,5,0.015,5.35685e-05,1415.9
10,5,0.0166667,4.06644e-05,975.984
10,5,0.0183333,4.39921e-05,976.722
10,5,0.02,3.59288e-05,1018.86
10,5,0.0216667,4.1671e-05,1088.34
10,5,0.0233333,4.13655e-05,1558.56
10,5,0.025,4.37569e-05,839.449
10,5,0.0266667,6.02645e-05,541.806
10,5,0.0283333,4.88714e-05,954.213
10,5,0.03,5.97797e-05,1363.51
10,5,0.0316667,6.30253e-05,1655.6
10,5,0.0333333,7.60514e-05,1201.06
10,5,0.035,5.7052e-05,1062.11
10,5,0.0366667,0.000101832,1447.98
10,5,0.0383333,7.13002e-05,973.428
10,5,0.04,7.27179e-05,1218.9
10,5,0.0416667,7.20875e-05,1004.18
10,5,0.0433333,0.000113211,813.499
10,5,0.045,7.22995e-05,1243.69
10,5,0.0466667,8.29685e-05,1138.83
10,5,0.0483333,0.000110559,1418.71
10,5,0.05,0.000104643,1387.89
10,5,0,0,1099.79
10,5,0.00166667,2.5312e-06,1156.24
10,5,0.00333333,7.00204e-06,1536.75
10,5,0.005,7.72288e-06,581.784
10,5,0.00666667,1.04528e-05,1391.92
10,5,0.00833333,1.43276e-05,1353.04
10,5,0.01,1.7205e-05,1036.9
10,5,0.0116667,2.45026e-05,1404.89
10,5,0.0133333,2.52992e-05,1152.62
10,5,0.015,2.20767e-05,824.326
10,5,0.0166667,3.164e-05,1255.29
10,5,0.0183333,3.06536e-05,1186.04
10,5,0.02,5.27254e-05,1407.12
10,5,0.0216667,4.16155e-05,1533.38
10,5,0.0233333,4.10569e-05,862.183
10,5,0.025,4.39677e-05,1147.85
10,5,0.0266667,3.8109e-05,630.219
10,5,0.0283333,5.24544e-05,1272.39
10,5,0.03,5.44702e-05,860.263
10,5,0.0316667,8.40103e-05,1389.35
10,5,0.0333333,5.71901e-05,951.294
10,5,0.035,0.000108016,1474.5
10,5,0.0366667,8.7863e-05,590.499
10,5,0.0383333,6.16663e-05,1036.69
10,5,0.04,7.27696e-05,1221.18
10,5,0.0416667,9.18426e-05,1130.71
10,5,0.0433333,8.38871e-05,1619.55
10,5,0.045,8.97541e-05,675.187
10,5,0.0466667,0.0001184,725.293
10,5,0.0483333,8.36025e-05,569.315
10,5,0.05,0.000147816,767.377
10,5,0,0,1079.74
10,5,0.00166667,3.30136e-06,1595.11
10,5,0.00333333,5.23973e-06,611.827
10,5,0.005,1.08342e-05,1194.51
10,5,0.00666667,1.66048e-05,975.307
10,5,0.00833333,1.51396e-05,605.633
10,5,0.01,2.17981e-05,1344.57
10,5,0.0116667,2.14539e-05,740.912
10,5,0.0133333,2.39413e-05,1201.99
10,5,0.015,3.03453e-05,976.611
10,5,0.0166667,2.65901e-05,1052.12
10,5,0.0183333,2.9085e-05,1058.25
10,5,0.02,2.91272e-05,816.035
10,5,0.0216667,3.89927e-05,1643.49
10,5,0.0233333,4.26393e-05,1154.84
10,5,0.025,5.1935e-05,1153.93
10,5,0.0266667,5.2462e-05,589.016
10,5,0.0283333,7.18711e-05,1168.42
10,5,0.03,4.75303e-05,1535.14
10,5,0.0316667,7.00268e-05,440.819
10,5,0.0333333,8.04185e-05,984.161
10,5,0.035,6.51918e-05,977.916
10,5,0.0366667,7.52495e-05,1013.43
10,5,0.0383333,5.54982e-05,727.908
10,5,0.04,7.87528e-05,1165.47
10,5,0.0416667,7.69785e-05,762.339
10,5,0.0433333,6.68912e-05,1017.86
10,5,0.045,0.000159573,1398.65
10,5,0.0466667,8.51042e-05,802.703
10,5,0.0483333,7.60073e-05,1175.18
10,5,0.05,8.61906e-05,1317.81
10,5,0,0,749.35
10,5,0.00166667,4.51121e-06,1394.31
10,5,0.00333333,4.55879e-06,886.866
10,5,0.005,1.22938e-05,875.086
10,5,0.00666667,1.74743e-05,1334.47
10,5,0.00833333,1.87497e-05,1019.65
10,5,0.01,1.8588e-05,1272.87
10,5,0.0116667,2.20445e-05,1073.55
10,5,0.0133333,2.76714e-05,1116.83
10,5,0.015,4.47021e-05,648.872
10,5,0.0166667,3.60627e-05,768.301
10,5,0.0183333,3.4075e-05,449.694
10,5,0.02,4.75325e-05,1232.24
10,5,0.0216667,3.62187e-05,1207.55
10,5,0.0233333,5.28236e-05,1613.16
10,5,0.025,5.01293e-05,1387.21
10,5,0.0266667,4.52952e-05,1204.12
10,5,0.0283333,4.23402e-05,1028.58
10,5,0.03,6.88311e-05,810.293
10,5,0.0316667,4.75819e-05,1098.55
10,5,0.0333333,6.32042e-05,798.471
10,5,0.035,5.89237e-05,539.196
10,5,0.0366667,8.14066e-05,1068.53
10,5,0.0383333,9.65395e-05,976.298
10,5,0.04,7.92163e-05,1450.84
10,5,0.0416667,6.71077e-05,1006.36
10,5,0.0433333,9.47441e-05,1241.04
10,5,0.045,7.65993e-05,1092.38
10,5,0.0466667,8.14112e-05,1025.43
10,5,0.0483333,0.000111066,678.607
10,5,0.05,9.89854e-05,1296.21
10,5,0,0,1277.55
10,5,0.00166667,4.76381e-06,1263.69
10,5,0.00333333,7.59147e-06,724.807
10,5,0.005,8.36114e-06,890.036
10,5,0.00666667,1.34744e-05,1389.5
10,5,0.00833333,1.75118e-05,1077.31
10,5,0.01,1.99463e-05,608.572
10,5,0.0116667,1.7715e-05,1264.44
10,5,0.0133333,1.96031e-05,1206.87
10,5,0.015,2.51829e-05,800.88
10,5,0.0166667,2.33755e-05,667.195
10,5,0.0183333,4.7006e-05,749.245
10,5,0.02,3.43597e-05,1202.07
10,5,0.0216667,3.81868e-05,1112.25
10,5,0.0233333,5.9184e-05,1632.46
10,5,0.025,4.58268e-05,947.42
10,5,0.0266667,4.5823e-05,1077.96
10,5,0.0283333,6.10271e-05,1224.96
10,5,0.03,5.08048e-05,1297.92
10,5,0.0316667,7.05228e-05,1154.7
10,5,0.0333333,7.83648e-05,1550.19
10,5,0.035,7.07812e-05,1250.02
10,5,0.0366667,8.76665e-05,345.634
10,5,0.0383333,6.80697e-05,1081.03
10,5,0.04,6.91301e-05,911.067
10,5,0.0416667,0.000107204,1112.36
10,5,0.0433333,6.51489e-05,1239.75
10,5,0.045,0.000125816,824.181
10,5,0.0466667,0.000112972,1328.13
10,5,0.0483333,0.000107761,1143.11
10,5,0.05,8.91407e-05,1158.64
10,5,0,0,1075.3
10,5,0.00166667,3.84046e-06,1664.09
10,5,0.00333333,1.3358e-05,1156.83
10,5,0.005,1.07038e-05,1421.87
10,5,0.00666667,1.32237e-05,1420.63
10,5,0.00833333,1.47366e-05,1276.35
10,5,0.01,1.64053e-05,1093.59
10,5,0.0116667,2.35273e-05,1206.35
10,5,0.0133333,3.28332e-05,1379.58
10,5,0.015,2.51742e-05,802.316
10,5,0.0166667,2.88487e-05,808.483
10,5,0.0183333,2.98288e-05,943.199
10,5,0.02,5.09437e-05,1317.18
10,5,0.0216667,4.05383e-05,978.881
10,5,0.0233333,4.62842e-05,1398.11
10,5,0.025,4.3912e-05,1462.71
10,5,0.0266667,5.11687e-05,1412.81
10,5,0.0283333,6.96421e-05,767.441
10,5,0.03,4.41073e-05,851.179
10,5,0.0316667,6.04119e-05,1049.48
10,5,0.0333333,6.69588e-05,1619.79
10,5,0.035,5.51275e-05,1248.09
10,5,0.0366667,6.77214e-05,1492.3
10,5,0.0383333,7.51323e-05,999.895
10,5,0.04,8.28157e-05,1387.76
10,5,0.0416667,8.13348e-05,1611.76
10,5,0.0433333,0.000102771,1145.3
10,5,0.045,6.93521e-05,522.665
10,5,0.0466667,0.000106756,1381.05
10,5,0.0483333,9.92047e-05,1071.46
10,5,0.05,0.00010951,970.66
10,5,0,0,1642.44
10,5,0.00166667,2.83861e-06,1178.42
10,5,0.00333333,6.70988e-06,1476.36
10,5,0.005,9.48683e-06,994.458
10,5,0.00666667,1.42841e-05,1142.48
10,5,0.00833333,1.92178e-05,979.797
10,5,0.01,2.00146e-05,1142.17
10,5,0.0116667,2.42266e-05,1128.49
10,5,0.0133333,2.32461e-05,429.955
10,5,0.015,2.65394e-05,744.048
10,5,0.0166667,3.37056e-05,640.788
10,5,0.0183333,5.21913e-05,1304.85
10,5,0.02,3.76747e-05,1226.79
10,5,0.0216667,3.83809e-05,1250.59
10,5,0.0233333,4.75087e-05,1113.56
10,5,0.025,6.01315e-05,791.371
10,5,0.0266667,7.94326e-05,1152.46
10,5,0.0283333,7.12599e-05,1060.38
10,5,0.03,6.81396e-05,815.189
10,5,0.0316667,7.73512e-05,884.209
10,5,0.0333333,6.5251e-05,1483.01
10,5,0.035,6.5584e-05,1377.41
10,5,0.0366667,7.00209e-05,1300.78
10,5,0.0383333,6.70834e-05,1091.31
10,5,0.04,0.000127325,1339.43
10,5,0.0416667,8.35788e-05,1176.63
10,5,0.0433333,7.15879e-05,1238.28
10,5,0.045,9.98278e-05,1422.53
10,5,0.0466667,9.98219e-05,1118.93
10,5,0.0483333,8.67464e-05,703.241
10,5,0.05,0.000104368,1263.18
10,5,0,0,792.569
10,5,0.00166667,3.38774e-06,1098.54
10,5,0.00333333,6.81815e-06,1323.7
10,5,0.005,1.01363e-05,1061.71
10,5,0.00666667,1.7136e-05,1250.74
10,5,0.00833333,1.39528e-05,828.512
10,5,0.01,1.97983e-05,968.368
10,5,0.0116667,1.94698e-05,1203.62
10,5,0.0133333,2.59288e-05,1399.88
10,5,0.015,2.70808e-05,1228.38
10,5,0.0166667,3.47287e-05,1516.22
10,5,0.0183333,3.3571e-05,1506.11
10,5,0.02,3.07077e-05,886.642
10,5,0.0216667,5.02288e-05,856.662
10,5,0.0233333,5.04942e-05,512.551
10,5,0.025,6.30901e-05,662.995
10,5,0.0266667,6.43259e-05,1246.81
10,5,0.0283333,5.00742e-05,1616.74
10,5,0.03,6.7571e-05,1140.57
10,5,0.0316667,4.18689e-05,985.733
10,5,0.0333333,5.21047e-05,935.788
10,5,0.035,6.47065e-05,1301.07
10,5,0.0366667,6.13627e-05,1120.94
10,5,0.0383333,8.45631e-05,1377.07
10,5,0.04,8.64561e-05,1405.16
10,5,0.0416667,6.63229e-05,1212.27
10,5,0.0433333,7.50158e-05,1249.52
10,5,0.045,7.92453e-05,1088.85
10,5,0.0466667,0.000102399,1593.44
10,5,0.0483333,7.7402e-05,1165.36
10,5,0.05,0.000106583,952.838
10,5,0,0,1078.29
10,5,0.00166667,3.21195e-06,1472.4
10,5,0.00333333,6.00037e-06,1414.09
10,5,0.005,8.58764e-06,845.475
10,5,0.00666667,1.13702e-05,886.507
10,5,0.00833333,1.85103e-05,1280.69
10,5,0.01,1.61915e-05,834.943
10,5,0.0116667,2.15599e-05,1374.01
10,5,0.0133333,2.39076e-05,1289.45
10,5,0.015,3.06855e-05,1267.19
10,5,0.0166667,4.12158e-05,1376.79
10,5,0.0183333,3.96844e-05,1439.7
10,5,0.02,4.38073e-05,1636.85
10,5,0.0216667,4.22291e-05,818.282
10,5,0.0233333,3.78115e-05,677.103
10,5,0.025,6.67383e-05,1475.81
10,5,0.0266667,5.40842e-05,1328.81
10,5,0.0283333,4.83044e-05,1032.51
10,5,0.03,5.74195e-05,1383.4
10,5,0.0316667,9.43502e-05,1016.99
10,5,0.0333333,8.37486e-05,1115.01
10,5,0.035,7.39925e-05,1558.83
10,5,0.0366667,6.34717e-05,1097.94
10,5,0.0383333,9.93475e-05,917.011
10,5,0.04,7.07786e-05,1303.08
10,5,0.0416667,5.88072e-05,861.456
10,5,0.0433333,0.000107106,1283.48
10,5,0.045,8.1947e-05,1098.27
10,5,0.0466667,0.000198031,1068.53
10,5,0.0483333,0.000118031,1275.91
10,5,0.05,9.59954e-05,1581.99
10,5,0,0,1341.89
10,5,0.00166667,3.03762e-06,1179.71
10,5,0.00333333,7.30169e-06,974.687
10,5,0.005,8.44977e-06,1511.57
10,5,0.00666667,1.34063e-05,1304.44
10,5,0.00833333,1.39309e-05,993.128
10,5,0.01,2.18546e-05,881.235
10,5,0.0116667,2.4636e-05,1252.78
10,5,0.0133333,2.73023e-05,1175.9
10,5,0.015,2.99643e-05,1323.21
10,5,0.0166667,4.04968e-05,1256.57
10,5,0.0183333,3.33353e-05,1386.61
10,5,0.02,2.96354e-05,1421.89
10,5,0.0216667,4.18036e-05,1131.94
10,5,0.0233333,4.83344e-05,950.234
10,5,0.025,4.44982e-05,1152.15
10,5,0.0266667,5.82219e-05,1314.68
10,5,0.0283333,6.71491e-05,1259.99
10,5,0.03,6.59226e-05,912.131
10,5,0.0316667,6.57479e-05,1820.29
10,5,0.0333333,8.44351e-05,1656.11
10,5,0.035,6.07174e-05,1229.97
10,5,0.0366667,6.68777e-05,1159.06
10,5,0.0383333,9.25243e-05,1254.74
10,5,0.04,7.26785e-05,1380.73
10,5,0.0416667,0.000117139,1328.94
10,5,0.0433333,8.77048e-05,1158.32
10,5,0.045,9.57054e-05,1109.69
10,5,0.0466667,7.2638e-05,702.217
10,5,0.0483333,0.000107332,1406.23
10,5,0.05,0.000120324,1379.62
11,6,0,0,981.124
11,6,0.00166667,3.66829e-06,1274.11
11,6,0.00333333,6.21808e-06,1149.1
11,6,0.005,1.06561e-05,1142.92
11,6,0.00666667,1.53285e-05,1458.57
11,6,0.00833333,2.71307e-05,1156.77
11,6,0.01,2.06582e-05,1280.07
11,6,0.0116667,2.73607e-05,1432.85
11,6,0.0133333,2.42854e-05,1339.49
11,6,0.015,2.37791e-05,1505.99
11,6,0.0166667,4.49734e-05,810.376
11,6,0.0183333,4.12915e-05,1688.43
11,6,0.02,5.15954e-05,1321.54
11,6,0.0216667,4.4539e-05,1103.66
11,6,0.0233333,5.78247e-05,1526.93
11,6,0.025,5.27975e-05,1566.33
11,6,0.0266667,5.12836e-05,644.58
11,6,0.0283333,9.04378e-05,671.208
11,6,0.03,5.46851e-05,1680.09
11,6,0.0316667,7.26155e-05,1165.14
11,6,0.0333333,0.000176486,1467.6
11,6,0.035,6.0115e-05,929.408
11,6,0.0366667,0.000100216,1384.07
11,6,0.0383333,0.000103448,1573.37
11,6,0.04,6.81829e-05,1284.24
11,6,0.0416667,7.2462e-05,1353.15
11,6,0.0433333,0.000114795,1157.32
11,6,0.045,8.71592e-05,1401.49
11,6,0.0466667,8.35389e-05,880.955
11,6,0.0483333,9.83294e-05,1368.11
11,6,0.05,9.83754e-05,1153.75
11,6,0,0,1574.62
11,6,0.00166667,3.29296e-06,1298.1
11,6,0.00333333,5.69493e-06,1524.25
11,6,0.005,1.05682e-05,1266.76
11,6,0.00666667,1.51513e-05,745.923
11,6,0.00833333,3.35625e-05,1563.37
11,6,0.01,2.27071e-05,1383.71
11,6,0.0116667,2.87791e-05,1280.27
11,6,0.0133333,4.14985e-05,1376.8
11,6,0.015,2.8029e-05,1531.05
11,6,0.0166667,3.48164e-05,1582.8
11,6,0.0183333,3.85707e-05,1175.82
11,6,0.02,3.55907e-05,969.917
11,6,0.0216667,5.92874e-05,1396.14
11,6,0.0233333,3.74243e-05,777.571
11,6,0.025,4.60201e-05,1386.77
11,6,0.0266667,3.94642e-05,1164.19
11,6,0.0283333,6.73795e-05,1554.43
11,6,0.03,5.21794e-05,1730.02
11,6,0.0316667,6.31572e-05,1729.37
11,6,0.0333333,5.84912e-05,1209.34
11,6,0.035,5.65372e-05,1075.78
11,6,0.0366667,8.00881e-05,1278.47
11,6,0.0383333,6.19971e-05,950.163
11,6,0.04,7.14349e-05,1461.8
11,6,0.0416667,7.01387e-05,1515.28
11,6,0.0433333,8.69449e-05,1587.19
11,6,0.045,9.60989e-05,1421.44
11,6,0.0466667,7.62966e-05,1201.04
11,6,0.0483333,9.26973e-05,1377.48
11,6,0.05,0.000101994,1561.93
11,6,0,0,1585.91
11,6,0.00166667,4.33337e-06,1608.69
11,6,0.00333333,7.85398e-06,1455.03
11,6,0.005,1.06243e-05,1556.33
11,6,0.00666667,2.03138e-05,1406.07
11,6,0.00833333,3.07346e-05,1129.63
11,6,0.01,1.4498e-05,803.406
11,6,0.0116667,2.63131e-05,1707.98
11,6,0.0133333,3.38891e-05,1166.69
11,6,0.015,3.74823e-05,1202.57
11,6,0.0166667,3.40353e-05,1491.2
11,6,0.0183333,4.84203e-05,1665.29
11,6,0.02,4.11276e-05,1317.15
11,6,0.0216667,3.8367e-05,1074.01
11,6,0.0233333,7.93193e-05,1434.88
11,6,0.025,6.22375e-05,1232.21
11,6,0.0266667,5.39373e-05,1336.93
11,6,0.0283333,4.23015e-05,1246.01
11,6,0.03,8.80606e-05,1528.89
11,6,0.0316667,0.000100566,1463.48
11,6,0.0333333,0.000120295,1591.44
11,6,0.035,7.03545e-05,1473.65
11,6,0.0366667,7.34493e-05,1130.88
11,6,0.0383333,6.54687e-05,1100.67
11,6,0.04,9.62826e-05,1228.66
11,6,0.0416667,0.000120818,1246.78
11,6,0.0433333,9.90441e-05,1697.39
11,6,0.045,8.28899e-05,1010.7
11,6,0.0466667,0.000102258,1725.47
11,6,0.0483333,9.31429e-05,1482.05
11,6,0.05,7.47379e-05,1257.45
11,6,0,0,1352.42
11,6,0.00166667,2.92928e-06,1298.58
11,6,0.00333333,7.61495e-06,1053.66
11,6,0.005,1.23343e-05,1729.22
11,6,0.00666667,1.11232e-05,808.176
11,6,0.00833333,1.84121e-05,1177.57
11,6,0.01,1.77257e-05,645.95
11,6,0.0116667,3.25137e-05,1556.19
11,6,0.0133333,2.36242e-05,1517.6
11,6,0.015,3.37847e-05,982.083
11,6,0.0166667,3.68409e-05,1165.38
11,6,0.0183333,3.68529e-05,1108.59
11,6,0.02,5.50406e-05,1113.72
11,6,0.0216667,4.63431e-05,757.673
11,6,0.0233333,4.49565e-05,1202.07
11,6,0.025,7.57959e-05,1719.41
11,6,0.0266667,4.7551e-05,1089.12
11,6,0.0283333,0.000101264,1112.77
11,6,0.03,5.70886e-05,883.281
11,6,0.0316667,9.69266e-05,1388.98
11,6,0.0333333,9.27671e-05,1006.83
11,6,0.035,6.13626e-05,1104.26
11,6,0.0366667,7.88387e-05,1622.43
11,6,0.0383333,0.00021694,1800.39
11,6,0.04,6.85124e-05,1361.69
11,6,0.0416667,8.3217e-05,1218.16
11,6,0.0433333,9.0587e-05,1425.13
11,6,0.045,7.78909e-05,1640.98
11,6,0.0466667,0.000111064,1360.78
11,6,0.0483333,7.32738e-05,1308.01
11,6,0.05,0.000118831,1255.16
11,6,0,0,1749.6
11,6,0.00166667,3.77956e-06,1013.22
11,6,0.00333333,8.13553e-06,1617.46
11,6,0.005,9.98045e-06,1570.09
11,6,0.00666667,1.03506e-05,1498.15
11,6,0.00833333,1.86417e-05,1427.89
11,6,0.01,2.06134e-05,1377.73
11,6,0.0116667,3.80661e-05,1631.55
11,6,0.0133333,4.6942e-05,1366.1
11,6,0.015,2.95038e-05,1275.03
11,6,0.0166667,2.55967e-05,628.717
11,6,0.0183333,3.36217e-05,1154.88
11,6,0.02,4.47396e-05,1624.87
11,6,0.0216667,4.23218e-05,1312.29
11,6,0.0233333,7.34976e-05,1850.83
11,6,0.025,6.6053e-05,1359.46
11,6,0.0266667,5.12438e-05,953.78
11,6,0.0283333,9.33767e-05,1417.57
11,6,0.03,5.48523e-05,1516.01
11,6,0.0316667,5.97573e-05,915.438
11,6,0.0333333,8.40181e-05,855.95
11,6,0.035,8.87498e-05,1577.45
11,6,0.0366667,0.000120276,1112.39
11,6,0.0383333,7.89215e-05,1148.79
11,6,0.04,8.80892e-05,1639.88
11,6,0.0416667,7.18746e-05,1418.03
11,6,0.0433333,8.15884e-05,953.936
11,6,0.045,6.93053e-05,1056.29
11,6,0.0466667,0.000133095,941.008
11,6,0.0483333,0.000180249,1517.7
11,6,0.05,0.000115745,1603.62
11,6,0,0,981.588
11,6,0.00166667,3.67745e-06,1274.17
11,6,0.00333333,8.28689e-06,928.988
11,6,0.005,1.99347e-05,1767.42
11,6,0.00666667,1.32416e-05,1456.76
11,6,0.00833333,2.91036e-05,1522.83
11,6,0.01,2.40151e-05,968.27
11,6,0.0116667,6.39365e-05,1352.7
11,6,0.0133333,2.49322e-05,1211.42
11,6,0.015,2.49965e-05,1257.95
11,6,0.0166667,3.2736e-05,1160.13
11,6,0.0183333,4.24017e-05,998.992
11,6,0.02,4.58628e-05,1441.21
11,6,0.0216667,3.28554e-05,1401.74
11,6,0.0233333,4.75403e-05,1139.75
11,6,0.025,5.82817e-05,1565.95
11,6,0.0266667,4.75127e-05,1834.06
11,6,0.0283333,5.3986e-05,1351.08
11,6,0.03,5.69603e-05,1138.63
11,6,0.0316667,9.89451e-05,1151.49
11,6,0.0333333,6.25888e-05,1688.83
11,6,0.035,8.83081e-05,1039.76
11,6,0.0366667,6.43523e-05,1339.82
11,6,0.0383333,7.44298e-05,1429.77
11,6,0.04,8.43494e-05,1588.57
11,6,0.0416667,9.93013e-05,1485.22
11,6,0.0433333,0.000102414,1118.02
11,6,0.045,8.54325e-05,1136.05
11,6,0.0466667,8.13191e-05,1272.22
11,6,0.0483333,8.14312e-05,1059.32
11,6,0.05,8.10597e-05,783.684
11,6,0,0,1292.97
11,6,0.00166667,3.03906e-06,1511.78
11,6,0.00333333,7.11115e-06,1273.55
11,6,0.005,9.51035e-06,867.514
11,6,0.00666667,1.76233e-05,688.277
11,6,0.00833333,1.98915e-05,1167.73
11,6,0.01,2.07635e-05,859.681
11,6,0.0116667,3.29536e-05,725.051
11,6,0.0133333,2.5413e-05,850.993
11,6,0.015,2.80847e-05,1005.5
11,6,0.0166667,2.64649e-05,1573.66
11,6,0.0183333,3.84142e-05,1347.49
11,6,0.02,4.24311e-05,1213.01
11,6,0.0216667,5.30774e-05,1139.78
11,6,0.0233333,3.81666e-05,1382.19
11,6,0.025,4.09344e-05,925.382
11,6,0.0266667,7.99018e-05,1218.01
11,6,0.0283333,5.37901e-05,891.701
11,6,0.03,6.05151e-05,1285.5
11,6,0.0316667,6.09735e-05,1123.39
11,6,0.0333333,7.8391e-05,990.258
11,6,0.035,8.60796e-05,1060.75
11,6,0.0366667,6.69547e-05,1225.94
11,6,0.0383333,0.000119594,1239.81
11,6,0.04,8.8482e-05,1260.36
11,6,0.0416667,7.30689e-05,1220.57
11,6,0.0433333,0.000118596,1409.22
11,6,0.045,0.00010387,1628.14
11,6,0.0466667,0.000140258,923.207
11,6,0.0483333,0.000113198,1491.41
11,6,0.05,0.00011804,1570.36
11,6,0,0,1439
11,6,0.00166667,3.57849e-06,839.553
11,6,0.00333333,5.59739e-06,1141.13
11,6,0.005,9.47095e-06,1236.56
11,6,0.00666667,1.48885e-05,1344.25
11,6,0.00833333,2.01236e-05,1949.27
11,6,0.01,2.71006e-05,699.121
11,6,0.0116667,2.33748e-05,1606.88
11,6,0.0133333,2.33664e-05,911.944
11,6,0.015,2.91599e-05,1479.89
11,6,0.0166667,6.04362e-05,870.197
11,6,0.0183333,3.14649e-05,1480.15
11,6,0.02,4.43104e-05,1549.18
11,6,0.0216667,3.49892e-05,1084.83
11,6,0.0233333,4.97816e-05,434.998
11,6,0.025,4.49277e-05,1593.34
11,6,0.0266667,5.16537e-05,1101.15
11,6,0.0283333,9.43935e-05,1899.18
11,6,0.03,5.56206e-05,1572.12
11,6,0.0316667,5.91933e-05,799.654
11,6,0.0333333,0.000107261,1320.69
11,6,0.035,7.4784e-05,1700.54
11,6,0.0366667,9.05379e-05,1126.06
11,6,0.0383333,7.93341e-05,1580.45
11,6,0.04,5.56762e-05,1149.05
11,6,0.0416667,0.00011055,1688.05
11,6,0.0433333,0.000105291,1273.97
11,6,0.045,0.000104276,883.738
11,6,0.0466667,0.000156547,1060.02
11,6,0.0483333,7.70659e-05,956.232
11,6,0.05,0.000118658,1246.15
11,6,0,0,1020.59
11,6,0.00166667,2.58087e-06,1216.26
11,6,0.00333333,7.3784e-06,925.366
11,6,0.005,1.54271e-05,1503.53
11,6,0.00666667,1.36071e-05,1670.44
11,6,0.00833333,2.46859e-05,1257.87
11,6,0.01,2.23667e-05,1630.66
11,6,0.0116667,2.15258e-05,1241.29
11,6,0.0133333,3.29065e-05,1189.32
11,6,0.015,2.70106e-05,664.26
11,6,0.0166667,2.8474e-05,1473.73
11,6,0.0183333,4.51951e-05,1424.79
11,6,0.02,4.5237e-05,1444.35
11,6,0.0216667,4.29887e-05,1528.01
11,6,0.0233333,5.8555e-05,1935.24
11,6,0.025,4.90611e-05,1157.14
11,6,0.0266667,6.22799e-05,1480.11
11,6,0.0283333,5.29019e-05,1423.58
11,6,0.03,5.38186e-05,872.758
11,6,0.0316667,0.000101598,1447.31
11,6,0.0333333,7.03297e-05,1354.12
11,6,0.035,6.52639e-05,1709.59
11,6,0.0366667,7.15523e-05,1136.36
11,6,0.0383333,7.17041e-05,1720.97
11,6,0.04,6.96762e-05,1198.45
11,6,0.0416667,0.000180202,1100.75
11,6,0.0433333,9.00711e-05,1142.97
11,6,0.045,9.03623e-05,1585.53
11,6,0.0466667,9.84599e-05,1311.25
11,6,0.0483333,0.000105133,711.336
11,6,0.05,0.000107649,1483.85
11,6,0,0,1396.21
11,6,0.00166667,3.57527e-06,1256.19
11,6,0.00333333,8.56971e-06,1259.09
11,6,0.005,1.11088e-05,1393.83
11,6,0.00666667,1.15421e-05,1097.04
11,6,0.00833333,1.75235e-05,1369.34
11,6,0.01,1.83974e-05,1105.02
11,6,0.0116667,2.35055e-05,1665.46
11,6,0.0133333,2.41278e-05,1032.66
11,6,0.015,2.76064e-05,1468.81
11,6,0.0166667,3.95403e-05,1681.05
11,6,0.0183333,3.89935e-05,1008.15
11,6,0.02,4.36602e-05,1740.26
11,6,0.0216667,6.51368e-05,1349.43
11,6,0.0233333,5.581e-05,1036
11,6,0.025,3.76378e-05,1028.7
11,6,0.0266667,6.32597e-05,1112.98
11,6,0.0283333,4.62003e-05,1305.01
11,6,0.03,8.43548e-05,1268.47
11,6,0.0316667,6.83781e-05,1084.82
11,6,0.0333333,5.39377e-05,917.309
11,6,0.035,8.884e-05,858.911
11,6,0.0366667,8.90318e-05,900.126
11,6,0.0383333,8.49772e-05,1438.4
11,6,0.04,0.000115818,1398.15
11,6,0.0416667,7.86941e-05,1229.16
11,6,0.0433333,0.000168353,1497.78
11,6,0.045,6.86644e-05,1020.48
11,6,0.0466667,8.72052e-05,966.06
11,6,0.0483333,0.000101561,1268.87
11,6,0.05,9.81388e-05,1597.3
9,7,0,0,1229.67
9,7,0.00166667,4.05214e-06,1113.55
9,7,0.00333333,1.46481e-05,1640.53
9,7,0.005,1.78489e-05,1508.6
9,7,0.00666667,1.94138e-05,1750.61
9,7,0.00833333,2.18085e-05,1515.33
9,7,0.01,1.99993e-05,1223.72
9,7,0.0116667,6.12006e-05,1471.39
9,7,0.0133333,3.99425e-05,1309.78
9,7,0.015,2.65906e-05,1405.37
9,7,0.0166667,5.70239e-05,1153.99
9,7,0.0183333,3.52731e-05,1292.43
9,7,0.02,6.50377e-05,1690.48
9,7,0.0216667,4.72072e-05,1552.45
9,7,0.0233333,5.12979e-05,1578.35
9,7,0.025,5.73693e-05,1353.88
9,7,0.0266667,4.84195e-05,1407.81
9,7,0.0283333,7.55866e-05,1353.63
9,7,0.03,6.24479e-05,942.582
9,7,0.0316667,0.000333758,1695.38
9,7,0.0333333,5.79414e-05,1419.75
9,7,0.035,6.15431e-05,1095.5
9,7,0.0366667,8.92499e-05,1391.26
9,7,0.0383333,8.95916e-05,1145.39
9,7,0.04,0.000108053,1612.71
9,7,0.0416667,0.000164991,771.261
9,7,0.0433333,7.36734e-05,1434.1
9,7,0.045,0.000308373,1808.55
9,7,0.0466667,0.000113565,1266.64
9,7,0.0483333,0.00010379,1346.21
9,7,0.05,0.000184767,1981.94
9,7,0,0,1809.66
9,7,0.00166667,4.24312e-06,1519.75
9,7,0.00333333,8.65418e-06,1313.57
9,7,0.005,1.11547e-05,1567.57
9,7,0.00666667,2.27507e-05,1591.24
9,7,0.00833333,1.91016e-05,1078.44
9,7,0.01,2.623e-05,1077.09
9,7,0.0116667,4.18746e-05,917.038
9,7,0.0133333,2.99441e-05,1054.23
9,7,0.015,0.000183078,1534.05
9,7,0.0166667,0.000120261,1329.95
9,7,0.0183333,3.65788e-05,1768.57
9,7,0.02,4.17538e-05,1141.54
9,7,0.0216667,4.60394e-05,1297.34
9,7,0.0233333,0.000105484,1526.36
9,7,0.025,5.6407e-05,667.331
9,7,0.0266667,6.49561e-05,1438.99
9,7,0.0283333,0.000112659,1146.68
9,7,0.03,8.80809e-05,1215.77
9,7,0.0316667,9.76473e-05,1376.53
9,7,0.0333333,0.00013669,1100.88
9,7,0.035,8.70444e-05,1761.85
9,7,0.0366667,9.93191e-05,1528.43
9,7,0.0383333,9.49888e-05,1397.4
9,7,0.04,8.87428e-05,1726.88
9,7,0.0416667,8.16495e-05,1325.2
9,7,0.0433333,0.000245581,1161.6
9,7,0.045,0.000103661,1847.99
9,7,0.0466667,0.0002885,1229.42
9,7,0.0483333,0.00012577,1842.29
9,7,0.05,0.000125667,1356
9,7,0,0,1251.17
9,7,0.00166667,4.23556e-06,1350.42
9,7,0.00333333,8.25231e-06,1211.93
9,7,0.005,1.61826e-05,1678.22
9,7,0.00666667,1.62432e-05,1380.85
9,7,0.00833333,2.93684e-05,1572.1
9,7,0.01,2.35734e-05,1651.89
9,7,0.0116667,2.93458e-05,820.145
9,7,0.0133333,2.88263e-05,915.775
9,7,0.015,5.92418e-05,1035.15
9,7,0.0166667,6.62273e-05,1906.9
9,7,0.0183333,4.78757e-05,727.979
9,7,0.02,5.40107e-05,1426.02
9,7,0.0216667,9.01605e-05,1912.85
9,7,0.0233333,5.7722e-05,1579.99
9,7,0.025,7.48657e-05,1518.26
9,7,0.0266667,0.000156393,1246.51
9,7,0.0283333,6.54169e-05,1519.53
9,7,0.03,5.07085e-05,1249.63
9,7,0.0316667,9.11475e-05,1110.86
9,7,0.0333333,5.49877e-05,931.22
9,7,0.035,6.35481e-05,838.619
9,7,0.0366667,9.67584e-05,1285.55
9,7,0.0383333,8.40538e-05,1036.32
9,7,0.04,0.000279403,1670.63
9,7,0.0416667,9.77554e-05,1134.18
9,7,0.0433333,0.000170357,1200.65
9,7,0.045,0.000118795,1445.27
9,7,0.0466667,8.27569e-05,1299.51
9,7,0.0483333,9.91773e-05,1639.13
9,7,0.05,0.000113633,1071.56
9,7,0,0,1192.17
9,7,0.00166667,6.95498e-06,1467.3
9,7,0.00333333,7.38956e-06,1523.27
9,7,0.005,8.89956e-06,1527.79
9,7,0.00666667,2.03121e-05,1636.68
9,7,0.00833333,2.04961e-05,1458.82
9,7,0.01,2.1652e-05,1668.54
9,7,0.0116667,4.54611e-05,1355.27
9,7,0.0133333,5.53181e-05,1697.16
9,7,0.015,4.38551e-05,1594.03
9,7,0.0166667,3.31844e-05,1512.35
9,7,0.0183333,6.04864e-05,1582.71
9,7,0.02,3.96526e-05,1426.46
9,7,0.0216667,8.07698e-05,1737.51
9,7,0.0233333,5.47177e-05,1032.5
9,7,0.025,7.54645e-05,1276.83
9,7,0.0266667,5.16961e-05,1078.32
9,7,0.0283333,0.000117473,1591.53
9,7,0.03,9.70775e-05,763.02
9,7,0.0316667,9.89005e-05,1790.69
9,7,0.0333333,8.72529e-05,1443.46
9,7,0.035,6.66204e-05,1346.59
9,7,0.0366667,8.78936e-05,593.214
9,7,0.0383333,7.22539e-05,1657.52
9,7,0.04,0.000126374,1193.93
9,7,0.0416667,0.000101166,1721.49
9,7,0.0433333,8.72999e-05,1006.31
9,7,0.045,0.000125709,1586.26
9,7,0.0466667,0.000180554,1433.61
9,7,0.0483333,0.000102165,1138.01
9,7,0.05,9.44474e-05,1273.52
9,7,0,0,1176.05
9,7,0.00166667,3.94345e-06,1583.66
9,7,0.00333333,6.42852e-06,1304.15
9,7,0.005,1.13742e-05,1018.63
9,7,0.00666667,1.65166e-05,1457.93
9,7,0.00833333,1.54128e-05,1443.45
9,7,0.01,3.50926e-05,1696.6
9,7,0.0116667,2.41095e-05,1457.05
9,7,0.0133333,4.08604e-05,1487.48
9,7,0.015,6.21881e-05,854.286
9,7,0.0166667,4.64247e-05,1354.22
9,7,0.0183333,0.000150446,1546.27
9,7,0.02,7.14563e-05,1335.54
9,7,0.0216667,5.75611e-05,1242.43
9,7,0.0233333,5.83e-05,1549.41
9,7,0.025,5.28834e-05,1557.44
9,7,0.0266667,3.86603e-05,1190.45
9,7,0.0283333,7.41671e-05,1605.73
9,7,0.03,8.13444e-05,1560.73
9,7,0.0316667,9.1406e-05,1976.91
9,7,0.0333333,8.55961e-05,1803.21
9,7,0.035,0.000162256,1302.17
9,7,0.0366667,8.75303e-05,891.318
9,7,0.0383333,9.12828e-05,1176.99
9,7,0.04,0.000127004,2051.13
9,7,0.0416667,0.000100547,1484.27
9,7,0.0433333,0.000181409,1519.06
9,7,0.045,0.000298786,1452.6
9,7,0.0466667,0.000135644,1594.56
9,7,0.0483333,9.36757e-05,1416.62
9,7,0.05,0.000117534,1417.77
9,7,0,0,1847.88
9,7,0.00166667,4.97023e-06,1300.57
9,7,0.00333333,6.53455e-06,1213.84
9,7,0.005,1.35642e-05,1569.94
9,7,0.00666667,2.42324e-05,1657.51
9,7,0.00833333,1.83921e-05,1118.51
9,7,0.01,3.68913e-05,1388.6
9,7,0.0116667,5.10692e-05,1202.9
9,7,0.0133333,5.32018e-05,1487.81
9,7,0.015,4.0896e-05,1166.1
9,7,0.0166667,4.2155e-05,1345.03
9,7,0.0183333,6.72196e-05,1271.81
9,7,0.02,5.54018e-05,1797.23
9,7,0.0216667,4.32162e-05,1307.98
9,7,0.0233333,5.05156e-05,1572.26
9,7,0.025,5.91182e-05,1526.78
9,7,0.0266667,0.000132322,1692.56
9,7,0.0283333,5.50769e-05,752.467
9,7,0.03,6.11577e-05,1328.29
9,7,0.0316667,5.89053e-05,1614.09
9,7,0.0333333,5.83968e-05,1393.22
9,7,0.035,8.63823e-05,1583.35
9,7,0.0366667,8.64977e-05,1689.25
9,7,0.0383333,8.31782e-05,1142.4
9,7,0.04,8.2125e-05,1787.42
9,7,0.0416667,0.000198948,1636.75
9,7,0.0433333,9.0359e-05,1403.17
9,7,0.045,0.000125261,1303.03
9,7,0.0466667,7.05568e-05,734.725
9,7,0.0483333,0.000155679,1422.78
9,7,0.05,8.96302e-05,1242.06
9,7,0,0,1596.15
9,7,0.00166667,3.4963e-06,1753.85
9,7,0.00333333,1.91912e-05,1325.08
9,7,0.005,1.51827e-05,1113.77
9,7,0.00666667,1.55213e-05,1567.01
9,7,0.00833333,1.6594e-05,1152.93
9,7,0.01,1.88874e-05,997.487
9,7,0.0116667,3.39533e-05,1324.44
9,7,0.0133333,4.48544e-05,1100.79
9,7,0.015,3.23876e-05,1430.96
9,7,0.0166667,7.41569e-05,1508.79
9,7,0.0183333,4.65406e-05,1309.33
9,7,0.02,6.05786e-05,1440.86
9,7,0.0216667,5.19119e-05,1450.22
9,7,0.0233333,4.09887e-05,1171.68
9,7,0.025,4.53194e-05,1539
9,7,0.0266667,4.66367e-05,1502.15
9,7,0.0283333,5.89069e-05,1531.46
9,7,0.03,0.000125183,1505.88
9,7,0.0316667,0.00010338,1022.68
9,7,0.0333333,0.000141778,1219.94
9,7,0.035,7.75626e-05,858.612
9,7,0.0366667,0.000139073,1503.65
9,7,0.0383333,0.000117235,1537.37
9,7,0.04,8.09684e-05,1466.29
9,7,0.0416667,0.0005334,1677.47
9,7,0.0433333,0.000109887,1966.28
9,7,0.045,0.000122049,1495.85
9,7,0.0466667,0.000110469,1291.46
9,7,0.0483333,0.000110128,1031.74
9,7,0.05,0.000220535,1010.37
9,7,0,0,1911.78
9,7,0.00166667,2.81758e-06,1401.48
9,7,0.00333333,7.43077e-06,1368.33
9,7,0.005,2.13578e-05,1655.12
9,7,0.00666667,1.03033e-05,1409.54
9,7,0.00833333,2.49489e-05,1008.94
9,7,0.01,4.16705e-05,1556.89
9,7,0.0116667,2.69833e-05,1273.49
9,7,0.0133333,3.01534e-05,956.433
9,7,0.015,4.30732e-05,1381.82
9,7,0.0166667,4.33111e-05,1558.52
9,7,0.0183333,5.93481e-05,1516.16
9,7,0.02,3.9304e-05,1372.82
9,7,0.0216667,5.8076e-05,1124.63
9,7,0.0233333,5.48857e-05,1277.95
9,7,0.025,4.27641e-05,1380.39
9,7,0.0266667,4.60576e-05,1638.21
9,7,0.0283333,4.96038e-05,1213.89
9,7,0.03,7.77679e-05,1586.48
9,7,0.0316667,5.58041e-05,1327.69
9,7,0.0333333,8.52919e-05,1503.77
9,7,0.035,0.000183708,1795.16
9,7,0.0366667,7.68461e-05,1377.37
9,7,0.0383333,0.000182316,1412.09
9,7,0.04,0.000111344,1150.69
9,7,0.0416667,0.000128391,1578.31
9,7,0.0433333,7.59661e-05,1057.48
9,7,0.045,8.75773e-05,1300.6
9,7,0.0466667,0.00011213,1488.46
9,7,0.0483333,0.000114787,1632.69
9,7,0.05,0.000279639,1427.79
9,7,0,0,1588.55
9,7,0.00166667,4.94136e-06,1396.63
9,7,0.00333333,7.74074e-06,1566.41
9,7,0.005,1.55126e-05,1145.43
9,7,0.00666667,1.48335e-05,1515.28
9,7,0.00833333,2.31474e-05,1229.11
9,7,0.01,1.71825e-05,1191.2
9,7,0.0116667,2.27123e-05,1832.71
9,7,0.0133333,3.31646e-05,1438.84
9,7,0.015,3.9919e-05,558.839
9,7,0.0166667,3.89436e-05,1389.39
9,7,0.0183333,6.33513e-05,1679.84
9,7,0.02,7.16398e-05,1290.9
9,7,0.0216667,5.26066e-05,1204.95
9,7,0.0233333,8.72563e-05,1203.32
9,7,0.025,6.10972e-05,1649.11
9,7,0.0266667,7.65092e-05,1331.34
9,7,0.0283333,6.61841e-05,940.54
9,7,0.03,6.96049e-05,1398.01
9,7,0.0316667,6.00508e-05,1296.3
9,7,0.0333333,9.36892e-05,1439.52
9,7,0.035,8.35302e-05,1243.01
9,7,0.0366667,7.72051e-05,881.664
9,7,0.0383333,7.82152e-05,1425.25
9,7,0.04,7.85941e-05,1105.79
9,7,0.0416667,0.000115321,859.221
9,7,0.0433333,0.00010178,1029.32
9,7,0.045,0.000154621,1400.14
9,7,0.0466667,0.00014466,1437.51
9,7,0.0483333,9.94293e-05,1001.25
9,7,0.05,9.43235e-05,995.352
9,7,0,0,1337.71
9,7,0.00166667,3.09521e-06,1163.25
9,7,0.00333333,8.9383e-06,1538.4
9,7,0.005,2.14832e-05,1699.88
9,7,0.00666667,1.74229e-05,1273.37
9,7,0.00833333,1.90925e-05,1926.53
9,7,0.01,0.000126224,1356.12
9,7,0.0116667,2.64997e-05,1537.56
9,7,0.0133333,3.78689e-05,1643.24
9,7,0.015,3.89585e-05,1566.73
9,7,0.0166667,3.77188e-05,1545.92
9,7,0.0183333,3.44469e-05,1827.32
9,7,0.02,7.14098e-05,1537.67
9,7,0.0216667,6.91342e-05,1671.91
9,7,0.0233333,5.01168e-05,1021.66
9,7,0.025,5.76335e-05,1290.4
9,7,0.0266667,9.2616e-05,1528.59
9,7,0.0283333,6.54544e-05,1604.22
9,7,0.03,5.78134e-05,1252.52
9,7,0.0316667,6.56496e-05,1168.91
9,7,0.0333333,0.000112242,993.44
9,7,0.035,0.000361974,1232.79
9,7,0.0366667,9.19032e-05,1679.88
9,7,0.0383333,6.03676e-05,1350.65
9,7,0.04,7.85573e-05,1061.8
9,7,0.0416667,8.20724e-05,810.786
9,7,0.0433333,0.000184275,1386.58
9,7,0.045,0.000201308,1319.46
9,7,0.0466667,9.84634e-05,1466.51
9,7,0.0483333,0.000162024,1745.17
9,7,0.05,0.00020696,1361.92
12,8,0,0,1535.88
12,8,0.00166667,2.96907e-06,1108.96
12,8,0.00333333,1.19864e-05,1811.66
12,8,0.005,1.13866e-05,1295.79
12,8,0.00666667,1.64726e-05,1400.55
12,8,0.00833333,2.28004e-05,2121.16
12,8,0.01,5.48733e-05,2053.7
12,8,0.0116667,2.84116e-05,1462.33
12,8,0.0133333,2.92225e-05,1303.45
12,8,0.015,3.34972e-05,1839.22
12,8,0.0166667,3.60735e-05,1270.86
12,8,0.0183333,3.73441e-05,1469.55
12,8,0.02,6.21033e-05,1413.96
12,8,0.0216667,7.67095e-05,1908.09
12,8,0.0233333,5.86357e-05,1589.11
12,8,0.025,5.94423e-05,1384.53
12,8,0.0266667,6.49267e-05,1011.35
12,8,0.0283333,5.46272e-05,1588.63
12,8,0.03,5.96626e-05,1321.93
12,8,0.0316667,0.000115645,1726.25
12,8,0.0333333,7.9353e-05,1364.84
12,8,0.035,6.65243e-05,1437.41
12,8,0.0366667,7.5204e-05,1691.31
12,8,0.0383333,0.000158927,1341.22
12,8,0.04,7.78223e-05,1550.82
12,8,0.0416667,8.23322e-05,1741.7
12,8,0.0433333,0.000130377,1168.44
12,8,0.045,0.000102526,1594.48
12,8,0.0466667,0.000109383,888.176
12,8,0.0483333,0.000175635,1784.92
12,8,0.05,0.000131765,1385.31
12,8,0,0,1476.65
12,8,0.00166667,2.71798e-06,1276.77
12,8,0.00333333,8.15598e-06,1354.09
12,8,0.005,1.27545e-05,1640.49
12,8,0.00666667,1.15878e-05,1363
12,8,0.00833333,3.4963e-05,1601.55
12,8,0.01,1.98866e-05,1410.7
12,8,0.0116667,2.89838e-05,1451.08
12,8,0.0133333,3.4428e-05,1745.4
12,8,0.015,3.19966e-05,1107.62
12,8,0.0166667,3.97998e-05,1608.11
12,8,0.0183333,4.61567e-05,1542.99
12,8,0.02,7.48003e-05,1331.85
12,8,0.0216667,6.09632e-05,1935.49
12,8,0.0233333,4.98964e-05,1403.46
12,8,0.025,7.39679e-05,1469.9
12,8,0.0266667,7.98805e-05,1607.86
12,8,0.0283333,0.000107658,1653.9
12,8,0.03,6.67122e-05,1979.61
12,8,0.0316667,0.000113253,1212.41
12,8,0.0333333,0.000105683,1720.81
12,8,0.035,7.86191e-05,1333.51
12,8,0.0366667,8.05694e-05,1195.36
12,8,0.0383333,7.5787e-05,1476.29
12,8,0.04,8.45781e-05,1782.39
12,8,0.0416667,8.97166e-05,1782.08
12,8,0.0433333,0.000151769,1454.67
12,8,0.045,0.000133824,1848.93
12,8,0.0466667,9.68982e-05,1353.78
12,8,0.0483333,0.000103109,867.031
12,8,0.05,0.000125028,1173.61
12,8,0,0,1462.59
12,8,0.00166667,4.78037e-06,1184.34
12,8,0.00333333,1.01638e-05,1649.66
12,8,0.005,1.12015e-05,1675.31
12,8,0.00666667,1.57343e-05,1235.9
12,8,0.00833333,2.31703e-05,1748.46
12,8,0.01,1.88124e-05,1257.92
12,8,0.0116667,2.30391e-05,1642.12
12,8,0.0133333,2.55e-05,1451.37
12,8,0.015,4.43309e-05,1855.37
12,8,0.0166667,3.4387e-05,1244.83
12,8,0.0183333,3.4075e-05,2131.18
12,8,0.02,6.41692e-05,2067.92
12,8,0.0216667,6.47833e-05,2013.39
12,8,0.0233333,7.45974e-05,2283.98
12,8,0.025,5.80271e-05,1269.95
12,8,0.0266667,5.6875e-05,1416.59
12,8,0.0283333,5.33528e-05,1622.43
12,8,0.03,8.27242e-05,1620.83
12,8,0.0316667,6.01269e-05,1176.72
12,8,0.0333333,6.66386e-05,1617.69
12,8,0.035,7.80033e-05,1296.22
12,8,0.0366667,0.000123004,1983.23
12,8,0.0383333,5.77823e-05,1169.13
12,8,0.04,9.88368e-05,1629.24
12,8,0.0416667,0.000139406,1610.41
12,8,0.0433333,0.000122885,1733.52
12,8,0.045,0.000124184,1656.99
12,8,0.0466667,9.23452e-05,1482.74
12,8,0.0483333,8.85696e-05,1834.21
12,8,0.05,0.000133133,1911.1
12,8,0,0,1525.93
12,8,0.00166667,3.85091e-06,1546.33
12,8,0.00333333,7.55187e-06,1467.5
12,8,0.005,1.76595e-05,1572.28
12,8,0.00666667,1.36494e-05,1675.53
12,8,0.00833333,2.88337e-05,1734.74
12,8,0.01,3.60552e-05,1900.02
12,8,0.0116667,2.61945e-05,1500.82
12,8,0.0133333,3.5142e-05,1356.82
12,8,0.015,3.07347e-05,1878.24
12,8,0.0166667,3.64698e-05,1763.85
12,8,0.0183333,4.72509e-05,1503.18
12,8,0.02,5.32767e-05,2067.17
12,8,0.0216667,4.26703e-05,1538.99
12,8,0.0233333,6.61118e-05,1453.5
12,8,0.025,6.90355e-05,1608.91
12,8,0.0266667,5.5403e-05,1006.73
12,8,0.0283333,6.1185e-05,1533
12,8,0.03,6.49707e-05,1571.99
12,8,0.0316667,9.42523e-05,1130.66
12,8,0.0333333,0.000109262,1382.35
12,8,0.035,9.8725e-05,1734.83
12,8,0.0366667,8.80115e-05,698.933
12,8,0.0383333,6.88448e-05,1588.98
12,8,0.04,0.000138423,1334.84
12,8,0.0416667,0.00011123,1750.87
12,8,0.0433333,0.00017769,1733.75
12,8,0.045,9.03084e-05,1540.75
12,8,0.0466667,9.46465e-05,1923.16
12,8,0.0483333,9.53176e-05,1407.36
12,8,0.05,8.55159e-05,1515.25
12,8,0,0,1052.6
12,8,0.00166667,4.05901e-06,1124.96
12,8,0.00333333,6.3437e-06,1239.59
12,8,0.005,1.29024e-05,2193
12,8,0.00666667,1.44643e-05,1670.88
12,8,0.00833333,1.65721e-05,1413.34
12,8,0.01,2.56038e-05,1212.44
12,8,0.0116667,3.6553e-05,1773.38
12,8,0.0133333,3.40304e-05,1724.02
12,8,0.015,3.63064e-05,784.582
12,8,0.0166667,2.99895e-05,949.93
12,8,0.0183333,2.6873e-05,1018.85
12,8,0.02,4.36553e-05,1322.79
12,8,0.0216667,6.14047e-05,1575.4
12,8,0.0233333,5.13321e-05,1047.51
12,8,0.025,0.000109828,1610.92
12,8,0.0266667,6.89036e-05,1700.75
12,8,0.0283333,8.553e-05,1449
12,8,0.03,0.000129609,1274.14
12,8,0.0316667,9.55179e-05,1506.75
12,8,0.0333333,9.26384e-05,1045.55
12,8,0.035,7.5875e-05,1421.97
12,8,0.0366667,7.24656e-05,1773.69
12,8,0.0383333,8.28405e-05,1958.98
12,8,0.04,0.000102785,1113.33
12,8,0.0416667,0.00010966,1752.7
12,8,0.0433333,0.000130448,1291.28
12,8,0.045,0.000115753,1558.63
12,8,0.0466667,0.000124618,1471.38
12,8,0.0483333,0.000110458,1599.41
12,8,0.05,0.000129915,1730.24
12,8,0,0,1590.27
12,8,0.00166667,3.79676e-06,1708.49
12,8,0.00333333,8.79769e-06,1982.87
12,8,0.005,1.24205e-05,1779
12,8,0.00666667,1.21007e-05,1435.47
12,8,0.00833333,2.56813e-05,1867.2
12,8,0.01,2.86439e-05,1594.14
12,8,0.0116667,2.86121e-05,1526.26
12,8,0.0133333,2.97071e-05,1636.32
12,8,0.015,3.84447e-05,1485.38
12,8,0.0166667,5.64047e-05,1370.59
12,8,0.0183333,3.70156e-05,1746.19
12,8,0.02,4.1491e-05,1215.32
12,8,0.0216667,5.82467e-05,1453.88
12,8,0.0233333,6.15446e-05,1077.86
12,8,0.025,7.15259e-05,1786.29
12,8,0.0266667,6.06617e-05,1656.53
12,8,0.0283333,9.43342e-05,1329.22
12,8,0.03,6.18831e-05,1284.32
12,8,0.0316667,8.28897e-05,1340.71
12,8,0.0333333,6.44076e-05,1570.7
12,8,0.035,0.000108997,1308.1
12,8,0.0366667,7.91843e-05,1517.55
12,8,0.0383333,0.000111876,1108.66
12,8,0.04,7.62998e-05,866.371
12,8,0.0416667,0.0001032,1511.36
12,8,0.0433333,7.64666e-05,1063.23
12,8,0.045,6.71235e-05,1442.61
12,8,0.0466667,0.000120252,1685.63
12,8,0.0483333,0.000143513,1508.52
12,8,0.05,0.000131069,1411.89
12,8,0,0,1388.25
12,8,0.00166667,4.8475e-06,1816.6
12,8,0.00333333,1.04945e-05,1730.99
12,8,0.005,1.0561e-05,1213.77
12,8,0.00666667,1.97172e-05,1402.22
12,8,0.00833333,1.59579e-05,1525.26
12,8,0.01,3.07928e-05,1452.71
12,8,0.0116667,2.05543e-05,1451.14
12,8,0.0133333,3.25435e-05,965.597
12,8,0.015,3.41673e-05,1154.66
12,8,0.0166667,4.15784e-05,1717.9
12,8,0.0183333,5.06455e-05,2094.28
12,8,0.02,5.90044e-05,1934.64
12,8,0.0216667,4.31748e-05,1600.78
12,8,0.0233333,0.000102544,1621.61
12,8,0.025,8.49803e-05,1808.8
12,8,0.0266667,7.0357e-05,1346.05
12,8,0.0283333,0.000107257,1764.33
12,8,0.03,5.52801e-05,1412.36
12,8,0.0316667,7.22217e-05,1564.18
12,8,0.0333333,6.67899e-05,1267.58
12,8,0.035,8.10927e-05,1044.79
12,8,0.0366667,7.64193e-05,1454.54
12,8,0.0383333,9.45816e-05,1771.89
12,8,0.04,0.00015134,1603.61
12,8,0.0416667,9.66813e-05,1371.63
12,8,0.0433333,0.000147112,2046.9
12,8,0.045,9.63392e-05,1426.29
12,8,0.0466667,0.000116652,1730.94
12,8,0.0483333,0.000141403,1325.3
12,8,0.05,0.000131763,963.459
12,8,0,0,1643.19
12,8,0.00166667,4.72895e-06,1609.87
12,8,0.00333333,1.16665e-05,1219.7
12,8,0.005,1.12467e-05,1933.88
12,8,0.00666667,1.64746e-05,1676.35
12,8,0.00833333,2.26752e-05,1880.59
12,8,0.01,2.14032e-05,1683.16
12,8,0.0116667,2.36751e-05,1238.25
12,8,0.0133333,2.40568e-05,1685.87
12,8,0.015,3.13597e-05,1274.46
12,8,0.0166667,3.80398e-05,1574.25
12,8,0.0183333,3.87624e-05,1996.97
12,8,0.02,4.43437e-05,1619.9
12,8,0.0216667,3.97717e-05,1310.98
12,8,0.0233333,5.07136e-05,1456.9
12,8,0.025,4.65767e-05,1708.12
12,8,0.0266667,4.66826e-05,1344
12,8,0.0283333,7.29122e-05,1527.27
12,8,0.03,7.08116e-05,1400.18
12,8,0.0316667,9.63831e-05,1465.96
12,8,0.0333333,5.77616e-05,1458.49
12,8,0.035,0.000124532,1855.36
12,8,0.0366667,6.73375e-05,1449.03
12,8,0.0383333,7.66156e-05,1373.23
12,8,0.04,9.62088e-05,1311.28
12,8,0.0416667,9.15036e-05,1806.52
12,8,0.0433333,9.33742e-05,1327.01
12,8,0.045,9.78205e-05,1616.7
12,8,0.0466667,0.000134992,1443.17
12,8,0.0483333,9.63689e-05,1266.39
12,8,0.05,9.86067e-05,1449.33
12,8,0,0,1515.24
12,8,0.00166667,3.17409e-06,1787.21
12,8,0.00333333,7.4367e-06,1507.9
12,8,0.005,8.11838e-06,1291.27
12,8,0.00666667,1.21928e-05,1331.69
12,8,0.00833333,3.66591e-05,1664.49
12,8,0.01,2.56238e-05,1607.65
12,8,0.0116667,2.38921e-05,1810.36
12,8,0.0133333,3.07012e-05,1573.93
12,8,0.015,3.45812e-05,1868.97
12,8,0.0166667,3.28503e-05,1691.9
12,8,0.0183333,3.46507e-05,1363.12
12,8,0.02,5.30627e-05,1385.37
12,8,0.0216667,4.98584e-05,1759.76
12,8,0.0233333,5.81461e-05,1578.27
12,8,0.025,7.67182e-05,1212.47
12,8,0.0266667,4.89961e-05,1760.01
12,8,0.0283333,9.30593e-05,1421.7
12,8,0.03,7.76509e-05,1451.82
12,8,0.0316667,5.76066e-05,1377.92
12,8,0.0333333,0.000110207,1414.3
12,8,0.035,6.25328e-05,1344.54
12,8,0.0366667,7.04381e-05,1278.6
12,8,0.0383333,8.1495e-05,1474.28
12,8,0.04,0.000101359,1728.17
12,8,0.0416667,0.000139869,1570.52
12,8,0.0433333,0.000155656,1680.78
12,8,0.045,8.64052e-05,1855.4
12,8,0.0466667,9.07364e-05,1937.91
12,8,0.0483333,0.000102081,1771.85
12,8,0.05,0.000123379,1433.93
12,8,0,0,1102.66
12,8,0.00166667,3.43997e-06,1774.64
12,8,0.00333333,7.61912e-06,1691.02
12,8,0.005,1.48958e-05,1269.63
12,8,0.00666667,1.10184e-05,1384.21
12,8,0.00833333,1.54248e-05,1710.24
12,8,0.01,3.20322e-05,1716.12
12,8,0.0116667,5.19393e-05,1463.64
12,8,0.0133333,2.78943e-05,1726.73
12,8,0.015,3.89443e-05,1177.66
12,8,0.0166667,2.79773e-05,1311.84
12,8,0.0183333,4.7616e-05,1377.09
12,8,0.02,8.38847e-05,1719.93
12,8,0.0216667,6.3604e-05,1599.95
12,8,0.0233333,6.22519e-05,1419.44
12,8,0.025,5.30965e-05,2024.11
12,8,0.0266667,6.96384e-05,1753.7
12,8,0.0283333,5.89188e-05,1334.42
12,8,0.03,6.41122e-05,1400.16
12,8,0.0316667,7.12056e-05,1560.12
12,8,0.0333333,8.3483e-05,1410.05
12,8,0.035,8.42845e-05,1101.81
12,8,0.0366667,5.72009e-05,1305.54
12,8,0.0383333,7.48788e-05,1776.9
12,8,0.04,0.000109511,1844.89
12,8,0.0416667,0.000117135,1834.64
12,8,0.0433333,0.000162138,1469.38
12,8,0.045,9.09274e-05,1443.13
12,8,0.0466667,0.000169986,1731.39
12,8,0.0483333,0.000190382,1654.73
12,8,0.05,9.72737e-05,1715.35
15,9,0,0,1573.12
15,9,0.00166667,9.14672e-06,2100.75
15,9,0.00333333,7.92395e-06,1332.14
15,9,0.005,9.47811e-06,1055.88
15,9,0.00666667,1.45513e-05,1949.5
15,9,0.00833333,1.49909e-05,1382.31
15,9,0.01,1.76343e-05,1700.72
15,9,0.0116667,2.53616e-05,1844.77
15,9,0.0133333,3.91902e-05,1565.75
15,9,0.015,3.8788e-05,1351.59
15,9,0.0166667,4.00465e-05,1702.3
15,9,0.0183333,4.02877e-05,1952.95
15,9,0.02,3.97055e-05,1572.86
15,9,0.0216667,4.91263e-05,1805.82
15,9,0.0233333,7.13149e-05,1828.75
15,9,0.025,6.04691e-05,1863.66
15,9,0.0266667,4.94175e-05,1700.06
15,9,0.0283333,6.71786e-05,1375.34
15,9,0.03,9.41811e-05,2016.73
15,9,0.0316667,7.34509e-05,1802.92
15,9,0.0333333,6.55894e-05,1204.23
15,9,0.035,0.000125478,1590.17
15,9,0.0366667,7.67913e-05,1980.39
15,9,0.0383333,7.81788e-05,1909.75
15,9,0.04,0.000131478,1511.74
15,9,0.0416667,0.000105054,1074.55
15,9,0.0433333,0.000219064,1702.2
15,9,0.045,0.000126525,1664.82
15,9,0.0466667,0.000108878,1900.39
15,9,0.0483333,0.00029237,1554.95
15,9,0.05,0.000159433,1370.09
15,9,0,0,1177.2
15,9,0.00166667,3.16767e-06,1584.5
15,9,0.00333333,9.74915e-06,1844.02
15,9,0.005,1.29155e-05,1433.46
15,9,0.00666667,2.09545e-05,1798.37
15,9,0.00833333,1.80317e-05,1635.96
15,9,0.01,2.59528e-05,1502.66
15,9,0.0116667,2.42699e-05,1650.3
15,9,0.0133333,3.7526e-05,1326.5
15,9,0.015,5.20914e-05,1557.67
15,9,0.0166667,3.61317e-05,1421.06
15,9,0.0183333,4.46653e-05,1312.88
15,9,0.02,6.0914e-05,1292.39
15,9,0.0216667,4.65357e-05,1307.94
15,9,0.0233333,5.67589e-05,1464.43
15,9,0.025,5.83424e-05,1979.39
15,9,0.0266667,6.19219e-05,1756.34
15,9,0.0283333,6.95574e-05,1744.19
15,9,0.03,7.37632e-05,1859.36
15,9,0.0316667,7.92689e-05,2066.24
15,9,0.0333333,9.19925e-05,1616.03
15,9,0.035,7.62603e-05,1594.37
15,9,0.0366667,0.000122696,1769.22
15,9,0.0383333,7.99641e-05,1402.97
15,9,0.04,8.92255e-05,1858.45
15,9,0.0416667,9.96222e-05,1750.76
15,9,0.0433333,0.000153822,1595.79
15,9,0.045,0.00016306,1330.63
15,9,0.0466667,9.3094e-05,1412.66
15,9,0.0483333,0.000104783,1421.07
15,9,0.05,0.000127633,1874.47
15,9,0,0,2065.23
15,9,0.00166667,3.88155e-06,1852.86
15,9,0.00333333,6.32668e-06,1732.45
15,9,0.005,1.2906e-05,1479.62
15,9,0.00666667,1.27336e-05,1135.53
15,9,0.00833333,1.45578e-05,1230.12
15,9,0.01,2.50931e-05,1580.32
15,9,0.0116667,2.00158e-05,1443.78
15,9,0.0133333,3.97413e-05,1811.6
15,9,0.015,2.92443e-05,1564.41
15,9,0.0166667,3.80121e-05,1842.93
15,9,0.0183333,3.48814e-05,1325.06
15,9,0.02,4.59342e-05,1655.98
15,9,0.0216667,7.05409e-05,1515.78
15,9,0.0233333,7.91104e-05,1213.25
15,9,0.025,5.07522e-05,1433.74
15,9,0.0266667,5.80922e-05,1937.52
15,9,0.0283333,6.58453e-05,1983.39
15,9,0.03,8.03565e-05,1593.35
15,9,0.0316667,6.65195e-05,1305.16
15,9,0.0333333,6.52525e-05,1815.71
15,9,0.035,8.04302e-05,2413.1
15,9,0.0366667,7.09701e-05,1400.85
15,9,0.0383333,9.51338e-05,1631.13
15,9,0.04,9.48395e-05,1074.38
15,9,0.0416667,9.08194e-05,1562.89
15,9,0.0433333,8.9501e-05,1818.97
15,9,0.045,9.12566e-05,2133.02
15,9,0.0466667,7.82995e-05,1598.74
15,9,0.0483333,9.95395e-05,1679.29
15,9,0.05,0.000134648,2007.97
15,9,0,0,2051.04
15,9,0.00166667,3.75482e-06,1895.02
15,9,0.00333333,7.67966e-06,1183.14
15,9,0.005,1.02509e-05,1465.74
15,9,0.00666667,1.48545e-05,1497.41
15,9,0.00833333,1.63335e-05,1873.68
15,9,0.01,2.03729e-05,1495.31
15,9,0.0116667,2.70998e-05,1663.7
15,9,0.0133333,3.4052e-05,1604.59
15,9,0.015,4.10818e-05,1691.21
15,9,0.0166667,4.47741e-05,1594.08
15,9,0.0183333,6.39848e-05,1821.24
15,9,0.02,4.44588e-05,2149.3
15,9,0.0216667,6.20021e-05,1565.18
15,9,0.0233333,3.98489e-05,1527.38
15,9,0.025,5.76681e-05,1444.54
15,9,0.0266667,8.52177e-05,1710.87
15,9,0.0283333,7.05526e-05,1451.51
15,9,0.03,8.3507e-05,1818.35
15,9,0.0316667,5.32541e-05,1215.01
15,9,0.0333333,5.97042e-05,1392.42
15,9,0.035,9.518e-05,1646.78
15,9,0.0366667,8.71691e-05,1982.38
15,9,0.0383333,8.85793e-05,1922.47
15,9,0.04,8.68909e-05,1910.96
15,9,0.0416667,9.34508e-05,1732.91
15,9,0.0433333,0.00011716,1734.14
15,9,0.045,9.5235e-05,1429.78
15,9,0.0466667,0.000114734,1943.52
15,9,0.0483333,0.000100733,1538.57
15,9,0.05,0.000137358,1877.11
15,9,0,0,1454.76
15,9,0.00166667,4.41693e-06,1318.91
15,9,0.00333333,6.52165e-06,1547.75
15,9,0.005,1.21215e-05,1239.44
15,9,0.00666667,1.52806e-05,1562.62
15,9,0.00833333,1.87366e-05,1783.82
15,9,0.01,2.30031e-05,1389.39
15,9,0.0116667,3.15032e-05,1933.88
15,9,0.0133333,2.39572e-05,1635.02
15,9,0.015,5.65158e-05,1377.6
15,9,0.0166667,2.83032e-05,1507.09
15,9,0.0183333,4.06e-05,1671.87
15,9,0.02,4.46703e-05,1419.85
15,9,0.0216667,4.349e-05,1317.02
15,9,0.0233333,4.76893e-05,1677.59
15,9,0.025,4.82496e-05,1335.89
15,9,0.0266667,0.00010512,1232.25
15,9,0.0283333,5.36127e-05,1791.54
15,9,0.03,6.10992e-05,1131.77
15,9,0.0316667,6.32596e-05,1831
15,9,0.0333333,7.29252e-05,1752.94
15,9,0.035,6.79224e-05,1372.18
15,9,0.0366667,7.06247e-05,1665.84
15,9,0.0383333,0.000137171,1313.71
15,9,0.04,9.10875e-05,1777.6
15,9,0.0416667,0.000108989,1786.39
15,9,0.0433333,9.6366e-05,1298.97
15,9,0.045,8.99906e-05,1480.83
15,9,0.0466667,0.000102276,1720.16
15,9,0.0483333,0.000128662,1746.51
15,9,0.05,9.06231e-05,1373.39
15,9,0,0,1556.72
15,9,0.00166667,3.09725e-06,1797.25
15,9,0.00333333,9.69901e-06,1912.43
15,9,0.005,1.1141e-05,2023.58
15,9,0.00666667,1.61934e-05,1507.71
15,9,0.00833333,1.88732e-05,1548.85
15,9,0.01,2.10333e-05,1334.63
15,9,0.0116667,3.74014e-05,1846.78
15,9,0.0133333,3.22784e-05,1843.03
15,9,0.015,3.72858e-05,1610.65
15,9,0.0166667,4.17519e-05,1790.56
15,9,0.0183333,4.2525e-05,1689.54
15,9,0.02,3.60964e-05,1625.47
15,9,0.0216667,4.53243e-05,1699.96
15,9,0.0233333,5.53837e-05,975.708
15,9,0.025,8.15869e-05,1493.51
15,9,0.0266667,5.44061e-05,1995.02
15,9,0.0283333,6.4438e-05,1113.16
15,9,0.03,6.7614e-05,1437.44
15,9,0.0316667,8.19884e-05,2048.39
15,9,0.0333333,9.25967e-05,1775.04
15,9,0.035,0.000125907,1626.63
15,9,0.0366667,6.02615e-05,1536.34
15,9,0.0383333,8.29886e-05,1455.63
15,9,0.04,0.000102071,1678.49
15,9,0.0416667,0.000158303,2053.28
15,9,0.0433333,9.23175e-05,2135.29
15,9,0.045,0.000111041,1412.93
15,9,0.0466667,0.000117739,1279.49
15,9,0.0483333,0.000137227,1190.13
15,9,0.05,0.000111523,1370.31
15,9,0,0,1562.85
15,9,0.00166667,5.18278e-06,1497.22
15,9,0.00333333,8.98525e-06,1691.17
15,9,0.005,1.18241e-05,1521.78
15,9,0.00666667,1.69829e-05,922.215
15,9,0.00833333,1.89429e-05,1758.28
15,9,0.01,2.27876e-05,830.188
15,9,0.0116667,4.27837e-05,1841.9
15,9,0.0133333,3.77205e-05,1757.69
15,9,0.015,2.79043e-05,1425.76
15,9,0.0166667,2.98872e-05,1512.89
15,9,0.0183333,3.78449e-05,1745.19
15,9,0.02,4.47203e-05,1712.38
15,9,0.0216667,7.64812e-05,1858.92
15,9,0.0233333,5.20812e-05,1416.9
15,9,0.025,5.05397e-05,1497.92
15,9,0.0266667,7.94945e-05,1701.51
15,9,0.0283333,7.87488e-05,1334.95
15,9,0.03,0.000108548,1806.25
15,9,0.0316667,6.74342e-05,2117.13
15,9,0.0333333,7.72003e-05,1366.69
15,9,0.035,5.83584e-05,1584.1
15,9,0.0366667,9.64799e-05,1903.68
15,9,0.0383333,9.88917e-05,1373.89
15,9,0.04,9.63762e-05,1657.03
15,9,0.0416667,8.62455e-05,1619
15,9,0.0433333,9.33877e-05,1371.32
15,9,0.045,0.000120138,1839.32
15,9,0.0466667,8.45362e-05,1576.81
15,9,0.0483333,0.000119706,1692.59
15,9,0.05,0.000160933,1563.26
15,9,0,0,1286.21
15,9,0.00166667,3.19415e-06,1889.9
15,9,0.00333333,8.19312e-06,1952.52
15,9,0.005,1.04338e-05,1519.61
15,9,0.00666667,1.82555e-05,1600.02
15,9,0.00833333,1.57953e-05,1762.01
15,9,0.01,2.28157e-05,1712.77
15,9,0.0116667,3.9508e-05,1452.31
15,9,0.0133333,5.05491e-05,1811.08
15,9,0.015,3.2789e-05,1731.85
15,9,0.0166667,4.195e-05,1498.72
15,9,0.0183333,3.78127e-05,1973.18
15,9,0.02,3.81682e-05,1484.18
15,9,0.0216667,6.16136e-05,1759.12
15,9,0.0233333,4.58812e-05,1733.44
15,9,0.025,6.36476e-05,1435.77
15,9,0.0266667,5.11565e-05,1308.96
15,9,0.0283333,8.15253e-05,1772.63
15,9,0.03,8.05506e-05,2019.93
15,9,0.0316667,8.59038e-05,2050.18
15,9,0.0333333,7.90998e-05,1630.21
15,9,0.035,7.97597e-05,1449.62
15,9,0.0366667,8.72514e-05,1594.54
15,9,0.0383333,8.81056e-05,1609.69
15,9,0.04,8.85457e-05,1949.08
15,9,0.0416667,9.1181e-05,1436.77
15,9,0.0433333,9.29268e-05,1105.69
15,9,0.045,9.79445e-05,1744.66
15,9,0.0466667,8.66825e-05,1338.81
15,9,0.0483333,0.000128139,1408.96
15,9,0.05,0.000107954,1670.56
15,9,0,0,1725.2
15,9,0.00166667,3.54843e-06,1586.47
15,9,0.00333333,6.36373e-06,1614.16
15,9,0.005,1.5659e-05,1618.31
15,9,0.00666667,1.32913e-05,1247.54
15,9,0.00833333,1.83365e-05,1194.6
15,9,0.01,2.28162e-05,1606.46
15,9,0.0116667,2.16418e-05,1583.6
15,9,0.0133333,2.82785e-05,858.688
15,9,0.015,2.5153e-05,1808.49
15,9,0.0166667,3.72998e-05,1753.41
15,9,0.0183333,3.40764e-05,1262.62
15,9,0.02,4.94281e-05,1773.65
15,9,0.0216667,5.65124e-05,1317.81
15,9,0.0233333,4.97188e-05,1437.9
15,9,0.025,8.22972e-05,1559.94
15,9,0.0266667,4.86843e-05,913.155
15,9,0.0283333,7.83249e-05,1694.66
15,9,0.03,8.96237e-05,1676.2
15,9,0.0316667,7.18013e-05,1779.11
15,9,0.0333333,8.67924e-05,1836.24
15,9,0.035,8.48329e-05,1821.25
15,9,0.0366667,7.96943e-05,1434.96
15,9,0.0383333,7.28898e-05,1471.7
15,9,0.04,0.000131697,1138.57
15,9,0.0416667,7.92095e-05,1887.3
15,9,0.0433333,0.000101514,1462.16
15,9,0.045,0.000128037,1220.56
15,9,0.0466667,8.73203e-05,967.944
15,9,0.0483333,0.000104834,1540.24
15,9,0.05,8.93784e-05,1588.84
15,9,0,0,1266.95
15,9,0.00166667,3.09677e-06,1997.29
15,9,0.00333333,1.07566e-05,1996.4
15,9,0.005,1.41992e-05,1370.21
15,9,0.00666667,1.38375e-05,1422.76
15,9,0.00833333,2.21856e-05,2114.26
15,9,0.01,3.08479e-05,1909.64
15,9,0.0116667,2.51233e-05,1661.93
15,9,0.0133333,2.8998e-05,1969.33
15,9,0.015,3.35518e-05,1380.73
15,9,0.0166667,3.94045e-05,1520.33
15,9,0.0183333,3.90264e-05,1800.22
15,9,0.02,4.24932e-05,1930.38
15,9,0.0216667,4.68555e-05,1504.86
15,9,0.0233333,4.45198e-05,1954.64
15,9,0.025,7.63603e-05,2022.76
15,9,0.0266667,6.0472e-05,2130.08
15,9,0.0283333,6.33592e-05,1919.83
15,9,0.03,5.83783e-05,1413.21
15,9,0.0316667,6.53638e-05,1684.8
15,9,0.0333333,7.05417e-05,1817.05
15,9,0.035,9.86199e-05,1589.42
15,9,0.0366667,8.78412e-05,1707.36
15,9,0.0383333,8.10125e-05,1873.87
15,9,0.04,8.32091e-05,1550.88
15,9,0.0416667,9.29887e-05,1532.68
15,9,0.0433333,8.92994e-05,1637.7
15,9,0.045,0.000108907,1752.52
15,9,0.0466667,0.000107542,1707.57
15,9,0.0483333,9.78684e-05,1417.29
15,9,0.05,0.000140135,1674.6
15,10,0,0,1715.88
15,10,0.00166667,5.21911e-06,1317.38
15,10,0.00333333,6.27212e-06,1347.27
15,10,0.005,1.09176e-05,1157.29
15,10,0.00666667,1.58958e-05,1918.01
15,10,0.00833333,2.40068e-05,1442.03
15,10,0.01,2.40525e-05,1906.91
15,10,0.0116667,2.94245e-05,2100.87
15,10,0.0133333,3.534e-05,1823.03
15,10,0.015,3.71669e-05,1302.14
15,10,0.0166667,4.07729e-05,1152.76
15,10,0.0183333,4.07594e-05,1683.32
15,10,0.02,4.14918e-05,1530.39
15,10,0.0216667,5.71098e-05,1093.44
15,10,0.0233333,4.38078e-05,1797.42
15,10,0.025,7.18846e-05,1284.29
15,10,0.0266667,7.30797e-05,1894.74
15,10,0.0283333,0.000125824,2034.05
15,10,0.03,8.00123e-05,1887.06
15,10,0.0316667,7.19642e-05,1940.4
15,10,0.0333333,6.66135e-05,1545.93
15,10,0.035,9.53656e-05,1412.22
15,10,0.0366667,7.34843e-05,1833.56
15,10,0.0383333,0.000130395,1492.85
15,10,0.04,9.69994e-05,1714.52
15,10,0.0416667,0.000114031,1916.31
15,10,0.0433333,0.000126312,1690
15,10,0.045,0.00014662,1767.15
15,10,0.0466667,0.000118371,1977.39
15,10,0.0483333,0.000171092,1667.91
15,10,0.05,9.95194e-05,1327.17
15,10,0,0,2314.02
15,10,0.00166667,5.4248e-06,1925.83
15,10,0.00333333,1.07795e-05,1661.32
15,10,0.005,1.10781e-05,1545.31
15,10,0.00666667,1.64046e-05,1737.81
15,10,0.00833333,1.5193e-05,1504.9
15,10,0.01,4.12437e-05,1782.83
15,10,0.0116667,2.43631e-05,1590.18
15,10,0.0133333,4.25631e-05,1653.53
15,10,0.015,3.78031e-05,1716.54
15,10,0.0166667,3.28779e-05,1470.87
15,10,0.0183333,3.13319e-05,1206.43
15,10,0.02,5.49197e-05,1239.58
15,10,0.0216667,6.05602e-05,1715.17
15,10,0.0233333,4.17924e-05,1670.42
15,10,0.025,5.55234e-05,1620.01
15,10,0.0266667,5.32479e-05,2010.37
15,10,0.0283333,6.56767e-05,1765.21
15,10,0.03,8.1605e-05,1549.6
15,10,0.0316667,9.53254e-05,1572.69
15,10,0.0333333,6.46362e-05,1474.25
15,10,0.035,9.11701e-05,1565.45
15,10,0.0366667,7.7504e-05,1845.03
15,10,0.0383333,6.60246e-05,1562.55
15,10,0.04,0.000102747,1763.15
15,10,0.0416667,0.000100669,1813.16
15,10,0.0433333,9.72589e-05,2155.18
15,10,0.045,0.000144071,1462.81
15,10,0.0466667,0.000122084,2227.7
15,10,0.0483333,9.52547e-05,1894.06
15,10,0.05,9.58577e-05,1652.01
15,10,0,0,1308.17
15,10,0.00166667,5.28089e-06,1787.45
15,10,0.00333333,8.21857e-06,2110.13
15,10,0.005,1.34871e-05,1735.24
15,10,0.00666667,1.89827e-05,1283.78
15,10,0.00833333,1.67608e-05,1725.15
15,10,0.01,2.77116e-05,1978.19
15,10,0.0116667,2.61981e-05,1854.61
15,10,0.0133333,2.67028e-05,1870.61
15,10,0.015,2.99029e-05,1638.47
15,10,0.0166667,4.10262e-05,1814.43
15,10,0.0183333,4.44379e-05,2018.91
15,10,0.02,3.74695e-05,1149.31
15,10,0.0216667,4.03899e-05,1716.11
15,10,0.0233333,5.47566e-05,966.035
15,10,0.025,6.78375e-05,2238.96
15,10,0.0266667,9.28767e-05,1645.89
15,10,0.0283333,8.45035e-05,1521.47
15,10,0.03,5.44168e-05,1693.83
15,10,0.0316667,0.000137375,1756.87
15,10,0.0333333,9.28038e-05,1543.04
15,10,0.035,9.89092e-05,1708.5
15,10,0.0366667,9.12187e-05,1936.18
15,10,0.0383333,0.000113722,1971.79
15,10,0.04,0.000114381,2096.65
15,10,0.0416667,0.000111434,1734.43
15,10,0.0433333,9.2072e-05,1342.33
15,10,0.045,0.000123896,1358.11
15,10,0.0466667,9.01806e-05,1734.98
15,10,0.0483333,0.000189329,2055.29
15,10,0.05,0.000103867,1814.74
15,10,0,0,1819.21
15,10,0.00166667,3.08236e-06,1572.26
15,10,0.00333333,7.30629e-06,1795.26
15,10,0.005,1.36807e-05,1547.67
15,10,0.00666667,1.76328e-05,1283.71
15,10,0.00833333,3.80828e-05,2039.56
15,10,0.01,2.38447e-05,940.14
15,10,0.0116667,2.88334e-05,1786.92
15,10,0.0133333,4.77678e-05,1171.39
15,10,0.015,3.44114e-05,1724.03
15,10,0.0166667,4.18832e-05,1390.73
15,10,0.0183333,3.89679e-05,1922.17
15,10,0.02,3.54867e-05,1439.12
15,10,0.0216667,5.93398e-05,1801.36
15,10,0.0233333,7.41335e-05,1620.8
15,10,0.025,5.53956e-05,1264.78
15,10,0.0266667,5.50487e-05,1762.36
15,10,0.0283333,5.94416e-05,1927.91
15,10,0.03,0.000103887,1635.26
15,10,0.0316667,5.56875e-05,1355.27
15,10,0.0333333,6.9495e-05,1820.27
15,10,0.035,7.4545e-05,1649.76
15,10,0.0366667,7.98027e-05,1915.45
15,10,0.0383333,7.48903e-05,1584.46
15,10,0.04,8.99784e-05,1498.22
15,10,0.0416667,8.98103e-05,1671.68
15,10,0.0433333,0.000107241,1125.7
15,10,0.045,0.000108351,1827.34
15,10,0.0466667,0.000135397,1720.01
15,10,0.0483333,0.000122771,2024.06
15,10,0.05,9.39511e-05,1721.46
15,10,0,0,1575.14
15,10,0.00166667,4.58297e-06,1730.4
15,10,0.00333333,1.17622e-05,2297.64
15,10,0.005,1.38168e-05,1530.04
15,10,0.00666667,1.33465e-05,1873.25
15,10,0.00833333,2.14877e-05,1428.28
15,10,0.01,2.07702e-05,1442.2
15,10,0.0116667,2.60624e-05,1553.51
15,10,0.0133333,6.0481e-05,1625.58
15,10,0.015,2.9908e-05,2083.62
15,10,0.0166667,4.24617e-05,1875.2
15,10,0.0183333,3.7971e-05,1706.14
15,10,0.02,7.43499e-05,1777.14
15,10,0.0216667,4.03386e-05,1882.63
15,10,0.0233333,5.90294e-05,1722.84
15,10,0.025,6.60765e-05,1895.92
15,10,0.0266667,6.32042e-05,1860.38
15,10,0.0283333,5.66683e-05,1839.69
15,10,0.03,6.35487e-05,2033.39
15,10,0.0316667,6.18596e-05,1615.69
15,10,0.0333333,7.82502e-05,1926.75
15,10,0.035,8.92638e-05,1618.98
15,10,0.0366667,0.000107043,1551.63
15,10,0.0383333,0.000147125,1892.24
15,10,0.04,0.000149848,2099.52
15,10,0.0416667,0.000103432,1760.36
15,10,0.0433333,8.7458e-05,1676.17
15,10,0.045,0.000113628,1709.97
15,10,0.0466667,0.000116115,1284.9
15,10,0.0483333,0.000101444,1564.17
15,10,0.05,0.000115089,1658.82
15,10,0,0,1560.25
15,10,0.00166667,4.52056e-06,1864.05
15,10,0.00333333,7.76422e-06,1252.89
15,10,0.005,1.87994e-05,1331.66
15,10,0.00666667,1.3913e-05,1969.38
15,10,0.00833333,1.71132e-05,1704.42
15,10,0.01,3.8575e-05,1451.06
15,10,0.0116667,4.06172e-05,1631.13
15,10,0.0133333,3.24578e-05,1612.59
15,10,0.015,2.95968e-05,1376.06
15,10,0.0166667,3.77741e-05,1282.8
15,10,0.0183333,3.45124e-05,1437.93
15,10,0.02,7.98583e-05,1683.54
15,10,0.0216667,5.08807e-05,1382.17
15,10,0.0233333,6.91355e-05,1632.65
15,10,0.025,6.01488e-05,2063.07
15,10,0.0266667,5.93744e-05,1730.42
15,10,0.0283333,5.87783e-05,1659.55
15,10,0.03,8.54892e-05,2282.99
15,10,0.0316667,7.83987e-05,1075.88
15,10,0.0333333,6.77246e-05,1477.48
15,10,0.035,7.5319e-05,1953.96
15,10,0.0366667,6.85471e-05,1979.63
15,10,0.0383333,8.18105e-05,1925.46
15,10,0.04,8.15822e-05,1827.97
15,10,0.0416667,0.000103425,1700.68
15,10,0.0433333,0.000110236,2000.36
15,10,0.045,0.000108701,1425.16
15,10,0.0466667,0.000166866,1494.99
15,10,0.0483333,0.000197456,1931.55
15,10,0.05,0.00010319,1748.17
15,10,0,0,1407.29
15,10,0.00166667,3.4805e-06,1663.77
15,10,0.00333333,8.94608e-06,1783.55
15,10,0.005,1.02792e-05,1555.27
15,10,0.00666667,1.47322e-05,1062.86
15,10,0.00833333,3.48708e-05,1817.7
15,10,0.01,2.21732e-05,2242.18
15,10,0.0116667,2.06565e-05,1529.62
15,10,0.0133333,3.35271e-05,1329.92
15,10,0.015,4.44401e-05,1696.74
15,10,0.0166667,3.38384e-05,1925.49
15,10,0.0183333,5.55989e-05,1658.83
15,10,0.02,4.10605e-05,1910.38
15,10,0.0216667,6.27333e-05,1778.69
15,10,0.0233333,4.96099e-05,1731.86
15,10,0.025,0.000108307,1662.04
15,10,0.0266667,5.58366e-05,1946.85
15,10,0.0283333,0.000107278,1498.84
15,10,0.03,9.97518e-05,1749.55
15,10,0.0316667,6.86683e-05,1475.43
15,10,0.0333333,6.36381e-05,1566.51
15,10,0.035,8.14484e-05,1963.91
15,10,0.0366667,8.84491e-05,1472.35
15,10,0.0383333,0.000112599,1907.94
15,10,0.04,0.000106874,1467.83
15,10,0.0416667,0.000153444,1895.97
15,10,0.0433333,0.000101254,1896.9
15,10,0.045,0.000150489,1569.48
15,10,0.0466667,0.000108767,1664.27
15,10,0.0483333,0.000100864,1646.12
15,10,0.05,0.000112727,1782.26
15,10,0,0,1604.81
15,10,0.00166667,4.74508e-06,1475.07
15,10,0.00333333,7.62846e-06,1743.11
15,10,0.005,1.14887e-05,1496.36
15,10,0.00666667,1.9098e-05,1872.87
15,10,0.00833333,1.86263e-05,1460.16
15,10,0.01,2.72317e-05,1529.41
15,10,0.0116667,2.57381e-05,1948.37
15,10,0.0133333,2.7834e-05,1777.98
15,10,0.015,3.84778e-05,2089.9
15,10,0.0166667,6.57384e-05,1263.83
15,10,0.0183333,4.31514e-05,1839.03
15,10,0.02,4.4013e-05,1749.11
15,10,0.0216667,4.38639e-05,1358.56
15,10,0.0233333,4.78932e-05,1306.58
15,10,0.025,5.0094e-05,1585.41
15,10,0.0266667,9.87848e-05,1781.35
15,10,0.0283333,4.81038e-05,1481.99
15,10,0.03,5.70131e-05,1773.74
15,10,0.0316667,0.000100945,1722.04
15,10,0.0333333,0.000115786,1735.79
15,10,0.035,0.000121052,1618.25
15,10,0.0366667,9.67624e-05,1531.47
15,10,0.0383333,8.55023e-05,1777.2
15,10,0.04,8.08012e-05,1618.37
15,10,0.0416667,9.92721e-05,1791.25
15,10,0.0433333,9.81734e-05,1241.2
15,10,0.045,0.000106724,1832.68
15,10,0.0466667,0.000104377,1726.9
15,10,0.0483333,0.00010352,2039.48
15,10,0.05,0.000109313,1398.66
15,10,0,0,1901.48
15,10,0.00166667,4.459e-06,2376.93
15,10,0.00333333,7.78514e-06,1351.19
15,10,0.005,1.06268e-05,1434.89
15,10,0.00666667,2.40612e-05,1637.79
15,10,0.00833333,1.62029e-05,1528.04
15,10,0.01,2.45292e-05,1940.78
15,10,0.0116667,2.75815e-05,2145.94
15,10,0.0133333,3.84634e-05,1766.55
15,10,0.015,5.83538e-05,1493.69
15,10,0.0166667,5.10226e-05,1443.36
15,10,0.0183333,5.31541e-05,1629.55
15,10,0.02,5.10848e-05,2083.12
15,10,0.0216667,4.65702e-05,1651.28
15,10,0.0233333,4.81122e-05,1582.74
15,10,0.025,0.000105055,2062.56
15,10,0.0266667,9.75454e-05,1370.16
15,10,0.0283333,7.52832e-05,1886.69
15,10,0.03,7.00662e-05,1906.22
15,10,0.0316667,7.25501e-05,1532.9
15,10,0.0333333,7.40496e-05,1955.42
15,10,0.035,9.40935e-05,1697.18
15,10,0.0366667,6.76964e-05,1818.5
15,10,0.0383333,9.6499e-05,1570.51
15,10,0.04,9.06428e-05,1873.4
15,10,0.0416667,0.000103063,1428.5
15,10,0.0433333,0.000193947,1921.46
15,10,0.045,0.000100983,1400
15,10,0.0466667,0.00012405,1919.03
15,10,0.0483333,0.000104935,1662.62
15,10,0.05,0.000152428,1882.29
15,10,0,0,1707.25
15,10,0.00166667,3.60589e-06,1218.93
15,10,0.00333333,1.01394e-05,1966.26
15,10,0.005,1.0912e-05,1692.63
15,10,0.00666667,1.74627e-05,1855.91
15,10,0.00833333,2.37419e-05,1872.15
15,10,0.01,1.96177e-05,1648.32
15,10,0.0116667,3.09594e-05,2097.72
15,10,0.0133333,4.8512e-05,1531.85
15,10,0.015,2.77021e-05,1380.62
15,10,0.0166667,4.64787e-05,1639.08
15,10,0.0183333,4.94036e-05,1668.97
15,10,0.02,6.43899e-05,1427.77
15,10,0.0216667,4.59043e-05,1562.47
15,10,0.0233333,5.15373e-05,1871.26
15,10,0.025,7.27864e-05,1903.25
15,10,0.0266667,5.70291e-05,1534.7
15,10,0.0283333,6.40763e-05,1489.2
15,10,0.03,8.26876e-05,1286.55
15,10,0.0316667,0.000318459,1789.5
15,10,0.0333333,7.42545e-05,1962.4
15,10,0.035,0.000103161,1840.76
15,10,0.0366667,8.82049e-05,1602.93
15,10,0.0383333,8.90447e-05,1987.27
15,10,0.04,0.000163842,1847.08
15,10,0.0416667,0.000104908,1551.16
15,10,0.0433333,0.000145169,1732.59
15,10,0.045,0.000122371,1896.22
15,10,0.0466667,0.000122387,1613.85
15,10,0.0483333,0.000151468,2049.31
15,10,0.05,0.000166252,2100.18
